	0	1	2	3	4	5	6	7	8	9	10	11	12	13	14	15	16	17	18	19
müller	0.0017437367	0.0	0.0	0.0	0.0	0.0	0.0	0.0	0.0	0.0	0.0	0.0	0.0	0.0	0.0	0.0	0.0	0.0	0.0	0.0
lehrer	0.0016653499	0.0	0.0	0.0	0.0	0.0	0.0	0.00068387267	0.0	0.0	0.0	0.0	0.0	0.0	0.0	0.0	0.0	0.0	0.0	0.0
wirth	0.001469319	0.0	0.0	0.0	0.000511776	0.0	0.0	0.0	0.0	0.0	0.0	0.0	0.0	0.0	0.0	0.0	0.0	0.0	0.0	0.0
justizrath	0.001283493	0.0	0.0	0.0	0.0	0.0	0.0	0.0	0.0	0.0	0.0	0.0	0.0	0.0	0.0	0.0	0.0	0.0	0.0	0.0
weit	0.0010874008	0.0	0.0	0.0	0.0	0.0	0.0	0.0	0.0	0.0	0.0	0.0	0.0	0.0	0.0	0.0	0.0	0.0	0.0	0.0009920234
kuh	0.0010051836	0.0	0.0	0.0	0.0	0.0	0.0	0.0	0.0	0.0	0.0	0.0	0.0	0.0	0.0	0.0	0.0	0.0	0.0	0.0
aller	0.0008951332	0.0	0.0	0.0	0.0	0.0	0.0	0.0010168029	0.0	0.0	0.0	0.0	0.0	0.0	0.0	0.0	0.0	0.0	0.0	0.0
actuar	0.00088590314	0.0	0.0	0.0	0.0	0.0	0.0	0.0	0.0	0.0	0.0	0.0	0.0	0.0	0.0	0.0	0.0	0.0	0.0	0.0
schatten	0.00080019364	0.0	0.0	0.0	0.0	0.0	0.0	0.0	0.0	0.0	0.0	0.0	0.0	0.0	0.0	0.0	0.0	0.0	0.0	0.0
hie	0.0008000175	0.0	0.0	0.0	0.0	0.0	0.0	0.0	0.0	0.0	0.0	0.0	0.0	0.0	0.0	0.0	0.0	0.0	0.0	0.0
gefährten	0.0007822115	0.0	0.0	0.0	0.0	0.0	0.0	0.0	0.0	0.0	0.0	0.0	0.0	0.0	0.0	0.0	0.0	0.0	0.0	0.0
offiziere	0.00076872355	0.0	0.0	0.0	0.0	0.0	0.0	0.0	0.00070251565	0.0	0.0	0.0	0.0	0.0	0.0	0.0	0.0	0.0	0.0	0.0
ausgedinge	0.0007512287	0.0	0.0	0.0	0.0	0.0	0.0	0.0	0.0	0.0	0.0	0.0	0.0	0.0	0.0	0.0	0.0	0.0	0.0	0.0
hengst	0.0007312167	0.0	0.0	0.0	0.0	0.0	0.0	0.0	0.0	0.0	0.0	0.0	0.0	0.0	0.0	0.0	0.0	0.0	0.0	0.0
jüngere	0.00072660926	0.0	0.0	0.0	0.0	0.0	0.0	0.0	0.0	0.0	0.0	0.0	0.0	0.0	0.0	0.0	0.0	0.0	0.0	0.0
bilder	0.00071931566	0.0	0.00110996	0.0	0.0	0.0	0.0	0.0	0.0	0.0	0.0	0.0	0.0	0.0	0.0	0.0	0.0	0.0	0.0	0.0
schwarzen	0.0007018064	0.0	0.0	0.0	0.0	0.0	0.0	0.0	0.0005305691	0.0	0.0	0.0	0.0	0.0	0.0	0.0	0.0	0.0	0.0	0.0
bruch	0.0006940735	0.0	0.0	0.0	0.0	0.0	0.0	0.0	0.0	0.0	0.0	0.0008178152	0.0	0.0	0.0	0.0	0.0	0.0	0.0	0.0
einzelnen	0.0006827659	0.0	0.0	0.0	0.0	0.0	0.0	0.0	0.0	0.0	0.0	0.0	0.0	0.0	0.0	0.0	0.000459434	0.0	0.0	0.0
größere	0.0006647588	0.0	0.0	0.0	0.0	0.0	0.0	0.0	0.0	0.0	0.0	0.0	0.0	0.0	0.0	0.0	0.0	0.0	0.0	0.0
volk	0.00064741273	0.0	0.0	0.0	0.0	0.0	0.0	0.0	0.0	0.0	0.0	0.0	0.0	0.0	0.0	0.0	0.0	0.0	0.0	0.0
truppen	0.0006379337	0.0	0.0	0.0	0.0	0.0	0.0	0.0	0.0	0.0	0.0	0.0	0.0	0.0	0.0	0.0	0.0	0.0	0.0	0.0
schulze	0.000609715	0.0	0.0	0.0	0.0	0.0	0.0	0.0	0.0	0.0	0.0	0.0	0.0	0.0	0.0	0.0	0.0	0.0	0.0	0.0
arnold	0.0006090158	0.0	0.0	0.0	0.0	0.0	0.0	0.0	0.0	0.0	0.0	0.0	0.0	0.0	0.0	0.0	0.0	0.0	0.0	0.0
zarna	0.00059161114	0.0	0.0	0.0	0.0	0.0	0.0	0.0	0.0	0.0	0.0	0.0	0.0	0.0	0.0	0.0	0.0	0.0	0.0	0.0
desselben	0.0005897715	0.0	0.0	0.0	0.0	0.0	0.0	0.0	0.0	0.0	0.0005572485	0.0	0.0	0.0	0.0	0.0	0.0	0.0	0.0	0.0
richtig	0.00058818056	0.0	0.0	0.0	0.0	0.0	0.0	0.0	0.0	0.0	0.0	0.0	0.0	0.0	0.0	0.0	0.0	0.0	0.0	0.0
prinzessin	0.0005813798	0.0	0.0	0.0	0.0	0.0	0.0	0.00078869745	0.0	0.0	0.0	0.0	0.0	0.0	0.0	0.0	0.0	0.0	0.0	0.0
jünglinge	0.0005746143	0.0	0.0	0.0	0.0	0.0	0.0	0.0	0.0	0.0	0.0	0.0	0.0	0.0	0.0	0.0	0.0	0.0	0.0	0.0
krämer	0.000558293	0.0	0.0	0.0	0.0	0.0	0.0	0.0	0.0	0.0	0.0	0.0	0.0	0.0	0.0	0.0	0.0	0.0	0.0	0.0
arbeiten	0.0005578949	0.0	0.0	0.0	0.0	0.0	0.0	0.0	0.0	0.0	0.0	0.0	0.0	0.0	0.001765157	0.0	0.0	0.0	0.0	0.0
bedenklich	0.0005568886	0.0	0.0	0.0	0.0	0.0	0.0	0.0	0.0	0.0	0.0	0.0	0.0	0.0	0.0	0.0	0.0	0.0	0.0	0.0
ungeheuer	0.0005513056	0.0	0.0	0.0	0.0	0.0	0.0	0.0	0.0	0.0	0.0	0.0	0.0	0.0	0.0	0.0	0.0	0.0	0.0	0.0
uebrigen	0.00054314954	0.0	0.0	0.0	0.0	0.0	0.0	0.0	0.0	0.0	0.0	0.0	0.0	0.0	0.0	0.0	0.0	0.0	0.0	0.0
erzählen	0.00053705624	0.0	0.0	0.0	0.0	0.0	0.0	0.0	0.0	0.0	0.0	0.0	0.0	0.0	0.0	0.0	0.0	0.0	0.0	0.0
darüber	0.0005356374	0.0	0.0	0.0	0.0	0.0	0.0	0.0	0.0	0.0	0.0	0.0	0.0	0.0	0.0	0.0	0.0	0.0	0.0	0.0
nördlinger	0.0005237654	0.0	0.0	0.0	0.0	0.0	0.0	0.0	0.0	0.0	0.0	0.0	0.0	0.0	0.0	0.0	0.0	0.0	0.0	0.0
selbstpeinigung	0.00052366493	0.0	0.0	0.0	0.0	0.0	0.0	0.0	0.0	0.0	0.0	0.0	0.0	0.0	0.0	0.0	0.0	0.0	0.0	0.0
küster	0.00052361155	0.0	0.0011085564	0.0	0.0	0.0009676739	0.0	0.00055141293	0.0	0.00089387683	0.0004458546	0.0056273495	0.0	0.0	0.0	0.0	0.0	0.0	0.0	0.0014941714
verschreibung	0.00052306784	0.0	0.0	0.0	0.0	0.0	0.0	0.0	0.0	0.0	0.0	0.0	0.0	0.0	0.0	0.0	0.0	0.0	0.0	0.0
paradise	0.00052208576	0.0	0.0	0.0	0.0	0.0	0.0	0.0	0.0	0.0	0.0005627314	0.0	0.0	0.0	0.0	0.0	0.0005608403	0.0	0.0	0.0
soldaten	0.0005208033	0.0	0.0	0.0	0.0	0.0	0.0	0.0	0.0	0.0	0.0	0.0	0.0	0.0	0.0	0.0	0.0	0.0	0.0	0.0
börse	0.00051728945	0.0	0.0	0.0	0.0	0.0	0.0	0.0	0.0	0.0	0.0	0.0	0.0	0.0	0.0	0.0	0.0	0.0	0.0	0.0
verschiedenen	0.00051276403	0.0	0.0	0.0	0.0	0.0	0.0	0.0	0.0	0.0	0.0	0.0	0.0	0.0	0.0	0.0	0.0	0.0	0.0	0.0
infanterie	0.0005119808	0.0	0.0	0.0	0.0	0.0	0.0	0.0	0.0	0.0	0.0	0.0	0.0	0.0	0.0	0.0	0.0	0.0	0.0	0.0
schule	0.0005114373	0.0	0.0	0.0	0.0	0.0	0.0	0.0	0.0	0.0	0.0	0.0	0.0	0.0	0.0	0.0	0.0	0.0	0.0	0.0
mahlzeit	0.00050948747	0.0	0.0	0.0	0.0	0.0	0.0	0.0	0.0	0.0	0.0	0.0	0.0	0.0	0.0	0.0	0.0	0.0	0.0	0.0
pfarrer	0.0005073052	0.0	0.0	0.0	0.0	0.0008030655	0.00066595955	0.0	0.0037844584	0.0	0.0	0.00097230985	0.002166764	0.0	0.0	0.0	0.0	0.0020347838	0.0	0.0
schrift	0.00049114943	0.0	0.0	0.0	0.0	0.0	0.0	0.0	0.0	0.0	0.0	0.0	0.0	0.0	0.0	0.0	0.0	0.0	0.0	0.0
artillerie	0.0004886523	0.0	0.0	0.0	0.0	0.0	0.0	0.0	0.0	0.0	0.0	0.0	0.0	0.0	0.0	0.0	0.0	0.0	0.0	0.0
fritze	0.0	0.0013976841	0.0	0.0	0.0	0.0	0.0	0.0	0.0	0.0	0.0	0.0	0.0	0.0	0.0	0.0	0.0	0.0	0.0	0.0
nonne	0.0	0.0013939034	0.00052484946	0.0	0.0	0.0	0.0	0.00050578924	0.0	0.0	0.0	0.0	0.0	0.0	0.0	0.0	0.0	0.0	0.0	0.0
heiligen	0.0	0.0010428801	0.0	0.0	0.0	0.0	0.0	0.0010440289	0.0	0.0	0.0	0.0	0.0	0.0	0.0	0.0	0.0	0.0	0.0	0.0
irrwisch	0.0	0.0010248049	0.0	0.0	0.0	0.0	0.0	0.0	0.0	0.0	0.0	0.0	0.0	0.0	0.0	0.0	0.0	0.0	0.0	0.0
stadt	0.0	0.0009886868	0.0	0.0	0.0	0.0	0.0	0.0	0.0	0.0	0.0	0.0	0.0	0.0	0.0	0.0	0.0	0.0	0.0	0.0
stufen	0.0	0.0009398295	0.0	0.0	0.0	0.0	0.0	0.0	0.0	0.0	0.0	0.0	0.0	0.0	0.0	0.0	0.0	0.00054814713	0.0	0.0
schnee	0.0	0.0008128418	0.0	0.0	0.0	0.0	0.0	0.0	0.0	0.0	0.0	0.0	0.00073017116	0.0	0.0	0.0	0.0	0.0	0.0	0.0
fühlt	0.0	0.0007079765	0.0	0.0	0.0	0.0	0.0	0.0	0.0	0.0	0.0	0.0	0.0	0.0	0.0	0.0	0.0	0.0	0.00048262678	0.0
tambourin	0.0	0.00068764	0.0	0.0	0.0	0.0	0.0	0.0	0.0	0.0	0.0	0.0	0.0	0.0	0.0	0.0	0.0	0.0	0.0	0.0
kastenverwalter	0.0	0.000669685	0.0	0.0	0.0	0.0	0.0	0.0	0.0	0.0	0.0	0.0	0.0	0.0	0.0	0.0	0.0	0.0	0.0	0.0
dritte	0.0	0.00064891274	0.0	0.0	0.0	0.0	0.0	0.0	0.0	0.0	0.0	0.0	0.0	0.0	0.0	0.0	0.0	0.0	0.0	0.0005655321
nonnen	0.0	0.0006383425	0.0	0.0	0.0	0.0	0.0	0.0	0.0	0.0	0.0	0.0	0.0	0.0	0.0	0.0	0.0	0.0	0.0	0.0
zweite	0.0	0.0006369741	0.0	0.0	0.0	0.0	0.0	0.0	0.0	0.0	0.0	0.0	0.0	0.0	0.0	0.0	0.00047897693	0.0	0.0	0.0
feodora	0.0	0.0006328665	0.0	0.0	0.0	0.0	0.0	0.0	0.0	0.0	0.0	0.000668039	0.0	0.0	0.0	0.0	0.0	0.0	0.0	0.0
bild	0.0	0.0005998574	0.0	0.0	0.0	0.0	0.0	0.0	0.0	0.0	0.0	0.0	0.0	0.0	0.0	0.0	0.0	0.0	0.0	0.0
julio	0.0	0.0005854503	0.0	0.0	0.0	0.0	0.0	0.0	0.0	0.0	0.0	0.0	0.0	0.0	0.0	0.0	0.0	0.0	0.0	0.0
sinka	0.0	0.0005791393	0.0	0.0	0.0	0.0	0.0	0.0	0.0	0.0	0.0	0.0	0.0	0.0	0.0	0.0	0.0	0.0	0.0	0.0
form	0.0	0.00055937894	0.0	0.0	0.0	0.0	0.0	0.0	0.0	0.0	0.0	0.0	0.0	0.0	0.0013386409	0.0	0.0	0.0	0.0	0.0
gelübde	0.0	0.00055208366	0.0	0.0	0.0	0.0	0.0	0.0	0.0	0.0	0.0	0.0	0.0	0.0	0.0	0.0	0.0	0.0	0.0	0.0
treten	0.0	0.0005510725	0.0	0.0	0.0	0.0	0.0	0.0	0.0	0.0	0.0	0.0	0.0	0.0	0.0	0.0	0.0	0.0	0.0	0.0
freie	0.0	0.0005455405	0.0	0.0	0.0	0.0	0.0	0.0	0.0	0.0	0.0	0.0	0.00046070362	0.0	0.0	0.0	0.0	0.0	0.0	0.0
feuer	0.0	0.0005346981	0.0	0.0	0.0	0.0	0.0	0.0	0.0	0.0	0.0	0.0	0.0	0.0	0.0	0.0	0.0	0.0	0.0	0.0006220279
puppenspieler	0.0	0.0005244855	0.0	0.0	0.0	0.0	0.0	0.0	0.0	0.0	0.0	0.0	0.0	0.0	0.0	0.0	0.0	0.00050772284	0.0	0.0
vornehmer	0.0	0.0005239935	0.0	0.0	0.0	0.0	0.0	0.0	0.0	0.0	0.0	0.0	0.0	0.0	0.0	0.0	0.0	0.0	0.0	0.0
höchst	0.0	0.0005204504	0.0	0.0	0.0	0.0	0.0	0.0	0.0	0.0	0.0005156635	0.0	0.0	0.0	0.0	0.0	0.0	0.0	0.0	0.0
geistes	0.0	0.00050647085	0.0	0.0	0.0	0.0	0.0	0.0	0.0	0.0	0.0	0.0	0.0	0.0	0.0	0.0	0.0	0.0	0.0	0.0
anstalten	0.0	0.00050342875	0.0	0.0	0.0	0.0	0.0	0.0	0.0	0.0	0.0	0.0	0.0	0.0	0.0	0.0	0.0	0.0	0.0	0.0
laufen	0.0	0.0004996837	0.0	0.0	0.0	0.0	0.0	0.0	0.0	0.0	0.0	0.0	0.0	0.0	0.0	0.0	0.0	0.0	0.0	0.0
verfolgen	0.0	0.00049874815	0.0	0.0	0.0	0.0	0.0	0.0	0.0	0.0	0.0	0.0	0.0	0.0	0.0	0.0	0.0	0.0	0.0	0.0
dortigen	0.0	0.00049505377	0.0	0.0	0.0	0.0	0.0	0.0	0.0	0.0	0.0	0.0	0.0	0.0	0.0	0.0	0.0	0.0	0.0	0.0
romano	0.0	0.00049420935	0.0	0.0	0.0	0.0	0.0	0.0	0.0	0.0	0.0	0.0	0.0	0.0	0.0	0.0	0.0	0.0	0.0	0.0
umständen	0.0	0.00048917445	0.0	0.0	0.0	0.0	0.0	0.0	0.0	0.0	0.0	0.0	0.0	0.0	0.0	0.0	0.0	0.0	0.0	0.0
heilige	0.0	0.00048610457	0.0	0.0	0.0	0.0	0.0	0.0	0.0	0.0	0.0	0.0	0.0	0.0	0.0	0.0	0.0	0.0	0.0	0.0
stadtschreiber	0.0	0.0004696978	0.0	0.0	0.001013427	0.0	0.0	0.0	0.0	0.0	0.0	0.0	0.0	0.0	0.0	0.0	0.0	0.0	0.0	0.0
balliere	0.0	0.0004696484	0.0	0.0	0.0	0.0	0.0	0.0	0.0	0.0	0.0	0.0	0.0	0.0	0.0	0.0	0.0	0.0	0.0	0.0
see	0.0	0.00046848436	0.0	0.0	0.0	0.0	0.0	0.0	0.0	0.0	0.0009215192	0.0	0.0	0.0	0.0	0.0	0.0	0.0	0.0	0.0
abwechselnd	0.0	0.00045851592	0.0	0.0	0.0	0.0	0.0	0.0	0.0	0.0	0.0	0.0	0.0	0.0	0.0	0.0	0.0	0.0	0.0	0.0
dose	0.0	0.00045808815	0.0	0.0	0.0	0.0	0.0	0.0	0.0	0.0	0.0	0.0	0.0	0.0	0.0	0.0	0.0	0.0	0.0	0.0
hochkirch	0.0	0.0004571257	0.0	0.0	0.0	0.0	0.0	0.0	0.0	0.0	0.0	0.0	0.0	0.0	0.0	0.0	0.0	0.0	0.0	0.0
seppi	0.0	0.00045574587	0.0	0.0	0.0	0.0	0.0	0.0	0.0	0.0	0.0	0.0	0.0	0.0	0.0	0.0	0.0	0.0	0.0	0.0
marquis	0.0	0.00045048623	0.0	0.0	0.0	0.0	0.0	0.0	0.0	0.0	0.0	0.0	0.0	0.0	0.0	0.0	0.0	0.0	0.0	0.0026657875
reife	0.0	0.00044753615	0.0	0.0	0.0	0.0	0.0	0.0	0.0	0.0	0.0	0.0	0.0	0.0	0.0	0.0	0.0	0.0	0.0	0.0
prinz	0.0	0.000446709	0.0	0.0	0.0	0.0	0.0	0.0	0.0	0.0	0.0	0.0	0.0	0.0	0.0	0.0	0.0	0.0	0.0	0.0
erhabenen	0.0	0.00044667211	0.0	0.0	0.0	0.0	0.0	0.0	0.0	0.0	0.0	0.0	0.0	0.0	0.0	0.0	0.0	0.0	0.0	0.0
tugenden	0.0	0.00044398094	0.0	0.0	0.0	0.0	0.0	0.0	0.0	0.0	0.0	0.0	0.0	0.0	0.0	0.0	0.0	0.0	0.0	0.0
hälfte	0.0	0.00044181163	0.0	0.0	0.0	0.0	0.0	0.0	0.0	0.0	0.0	0.0	0.0	0.0	0.0	0.0	0.0	0.0	0.0	0.0
gegründet	0.0	0.00043153713	0.0	0.0	0.0	0.0	0.0	0.0	0.0	0.0	0.0	0.0	0.0	0.0	0.0	0.0	0.0	0.0	0.0	0.0
städte	0.0	0.00042888094	0.0	0.0	0.0	0.0	0.0	0.0	0.0	0.0	0.0	0.0	0.0	0.0	0.0	0.0	0.0	0.0	0.0	0.0
versichern	0.0	0.00042667246	0.0	0.0	0.0	0.0	0.0	0.0	0.0	0.0	0.0	0.0	0.0	0.0	0.0	0.0	0.0	0.0	0.0	0.0
geständniß	0.0	0.00042594	0.0	0.0	0.0	0.0	0.0	0.0	0.0	0.0	0.0	0.0	0.0	0.0	0.0	0.0	0.0007213117	0.0	0.0	0.0
liesbeth	0.0	0.0	0.0019062955	0.0	0.0	0.0	0.0	0.0	0.0014305759	0.0	0.0	0.0	0.0	0.0	0.0	0.0	0.0	0.0	0.0	0.0
herrn	0.0	0.0	0.0012280202	0.0	0.0	0.0	0.0	0.0	0.0	0.0	0.0010568161	0.0	0.0	0.0	0.0	0.0	0.0	0.0	0.0	0.0
ersten	0.0	0.0	0.0012269595	0.0	0.0	0.0	0.0	0.0	0.0	0.0	0.0	0.0	0.0	0.0	0.002473228	0.0	0.0	0.0	0.0	0.0
lieutenant	0.0	0.0	0.0011801652	0.0	0.0006050349	0.0	0.0	0.0	0.00047392116	0.0	0.0	0.0	0.0	0.0	0.0	0.0	0.0	0.0	0.0	0.0
mr	0.0	0.0	0.0011288145	0.0	0.0008655378	0.0	0.00066120253	0.0	0.0	0.0	0.0007178847	0.0010066828	0.0006711217	0.0	0.0	0.0	0.0	0.0	0.0011299682	0.0
jahren	0.0	0.0	0.00093260664	0.0	0.0	0.0	0.0	0.0	0.0	0.0	0.0	0.0	0.0	0.0	0.0	0.0	0.0	0.0	0.0	0.0
london	0.0	0.0	0.0008194145	0.0	0.00060321525	0.0	0.0	0.0	0.0	0.0	0.00047820405	0.0	0.0	0.0	0.0	0.0	0.0	0.0	0.0	0.0
kohle	0.0	0.0	0.0008112764	0.0	0.0	0.0	0.0	0.0	0.0	0.0	0.0	0.0	0.0	0.0	0.0	0.0	0.0	0.0	0.0	0.0
segel	0.0	0.0	0.0007968237	0.0	0.0	0.0	0.0	0.0	0.0	0.0	0.0	0.0	0.0	0.0	0.0	0.0	0.0	0.0	0.0	0.0
jahre	0.0	0.0	0.0007901329	0.0	0.0	0.0	0.0	0.0	0.0	0.0	0.0	0.0	0.0	0.0	0.0060572345	0.0	0.0	0.0	0.0	0.0
jahr	0.0	0.0	0.0007786629	0.0	0.0	0.0	0.0	0.0	0.0	0.0	0.0	0.00058359036	0.0	0.0	0.0	0.0	0.0	0.0	0.0	0.0
nichte	0.0	0.0	0.0007774582	0.0	0.0	0.0	0.0	0.0	0.0	0.0	0.0	0.0	0.0	0.0	0.0	0.0	0.0	0.0	0.0	0.0
verwalter	0.0	0.0	0.00076223013	0.0	0.0	0.0	0.0	0.0	0.0	0.0	0.0	0.0	0.0	0.0	0.0	0.0	0.0	0.0	0.0	0.0
aehnlichkeit	0.0	0.0	0.0007441971	0.0	0.0	0.0	0.0	0.0	0.0	0.0	0.0	0.0	0.0	0.0	0.0	0.0	0.0	0.0	0.0	0.0
bär	0.0	0.0	0.00073850254	0.0	0.0	0.0	0.0	0.0	0.0	0.0	0.0	0.0	0.0	0.0	0.0	0.0	0.0	0.0	0.0	0.0
halden	0.0	0.0	0.0007243572	0.0	0.0	0.0	0.0	0.0	0.0	0.0	0.0	0.0	0.0	0.0	0.0	0.0	0.0	0.0	0.0	0.0
neuen	0.0	0.0	0.00070291513	0.0	0.0	0.0	0.0	0.0007345239	0.0	0.0	0.0	0.0	0.0	0.0	0.0	0.0	0.0	0.0	0.0	0.0
umgebung	0.0	0.0	0.0006978624	0.0	0.0	0.0	0.0	0.0	0.0	0.0	0.0	0.0	0.0	0.0	0.0	0.0	0.0	0.0	0.0	0.0
saba	0.0	0.0	0.0006714064	0.0	0.0	0.0	0.0	0.0	0.0	0.0	0.0	0.0	0.0	0.0	0.0	0.0	0.0	0.0	0.0	0.0
heiland	0.0	0.0	0.0006485946	0.0	0.0	0.0	0.0	0.0	0.0	0.0	0.0	0.0	0.0	0.0	0.0	0.0	0.0	0.0	0.0	0.0
weitere	0.0	0.0	0.000634157	0.0	0.0	0.0	0.0	0.0	0.0	0.0	0.0	0.0	0.0	0.0	0.0	0.0	0.0	0.0	0.0	0.0
völlig	0.0	0.0	0.0005960171	0.0	0.0	0.0	0.0	0.0	0.0	0.0	0.0	0.0	0.0	0.0	0.0	0.0	0.0	0.0	0.0	0.0
boden	0.0	0.0	0.00058305496	0.0	0.0	0.0	0.0	0.0	0.0008188864	0.0	0.0	0.0	0.0	0.0	0.0	0.0	0.0	0.0	0.0	0.0
schuster	0.0	0.0	0.0005624036	0.0	0.0	0.0010245186	0.0	0.0	0.0	0.0	0.0	0.0	0.0	0.0	0.0	0.0	0.0	0.0	0.0	0.0
kurze	0.0	0.0	0.00056060444	0.0	0.0	0.0	0.0	0.0	0.0	0.0	0.0	0.0	0.0	0.0	0.0	0.0	0.0	0.0	0.0	0.0
leads	0.0	0.0	0.0005557432	0.0	0.0	0.0	0.0	0.0	0.0	0.0	0.0	0.0	0.0	0.0	0.0	0.0	0.0	0.0	0.0	0.0
farbe	0.0	0.0	0.0005379204	0.0	0.0	0.0	0.0	0.0	0.0	0.0	0.0	0.0	0.0	0.0	0.0	0.0	0.0	0.0	0.0	0.0
fuße	0.0	0.0	0.0005060156	0.0	0.0	0.0	0.0	0.0	0.0	0.0	0.0	0.0	0.0	0.0	0.0	0.0	0.0	0.0	0.0	0.0
dürfte	0.0	0.0	0.0005019375	0.0	0.0	0.0	0.0	0.0	0.0	0.0	0.0	0.0	0.0	0.0	0.0	0.0	0.0	0.0	0.0	0.0
bald	0.0	0.0	0.0004990961	0.0	0.0	0.0	0.0	0.0	0.0	0.0	0.0	0.0	0.00062358053	0.0	0.0	0.0	0.0	0.0	0.0	0.0
noch	0.0	0.0	0.0004987617	0.0	0.0	0.0	0.0	0.0	0.0	0.0	0.0	0.0	0.0	0.0	0.0	0.0	0.0	0.0	0.0	0.0
stellen	0.0	0.0	0.0004982374	0.0	0.0	0.0	0.0	0.0	0.0	0.0	0.0	0.0	0.0	0.0006392962	0.0	0.0	0.0	0.0	0.0	0.0
apostel	0.0	0.0	0.0004916938	0.0	0.0	0.0	0.0	0.0	0.0	0.0	0.0	0.0	0.0	0.0	0.0	0.0	0.0	0.0	0.0	0.0
einrichtung	0.0	0.0	0.00048821632	0.0	0.0	0.0	0.0	0.0	0.0	0.0	0.0	0.0	0.0	0.0	0.0	0.0	0.0	0.0	0.0	0.0
möchte	0.0	0.0	0.00048718738	0.0	0.0	0.0	0.0	0.0	0.0	0.0	0.0	0.0	0.0	0.0	0.0	0.0	0.0	0.0	0.0	0.0
missionär	0.0	0.0	0.00047778216	0.0	0.0	0.0	0.0	0.0	0.0	0.0	0.0	0.0	0.0	0.0	0.0	0.0	0.0	0.0	0.0	0.0
auge	0.0	0.0	0.0004761974	0.0	0.0	0.0	0.0	0.0	0.0	0.0	0.0	0.0	0.0	0.0	0.0	0.0	0.0	0.0	0.0	0.0
häuschen	0.0	0.0	0.0004737105	0.0	0.0	0.0	0.0	0.0	0.0	0.0	0.0	0.0	0.0	0.0006827049	0.0	0.0	0.0	0.0	0.0	0.0
warnemünde	0.0	0.0	0.00047096412	0.0	0.0	0.0	0.0	0.0	0.0	0.0	0.0	0.0	0.0	0.0	0.0	0.0	0.0	0.0	0.0	0.0
übrigen	0.0	0.0	0.00046818738	0.0	0.0	0.0	0.0	0.0	0.0	0.0	0.0	0.0	0.0	0.0	0.0	0.0	0.0	0.0	0.0	0.0
delavigne	0.0	0.0	0.0004644543	0.0	0.0	0.0	0.0	0.0	0.0	0.0	0.0	0.0	0.0	0.0	0.0	0.0	0.0	0.0	0.0	0.0
zeiten	0.0	0.0	0.0004641411	0.0	0.0	0.0	0.0	0.0	0.0	0.0	0.0	0.0	0.0	0.0	0.0	0.0	0.0	0.0	0.0	0.0
accent	0.0	0.0	0.0004638992	0.0	0.0	0.0	0.0	0.0	0.0	0.0	0.0	0.0	0.0	0.0	0.0	0.0	0.0	0.0	0.0	0.0
künste	0.0	0.0	0.00046369134	0.0	0.0	0.0	0.0	0.0	0.0	0.0	0.0	0.0	0.0	0.0	0.0	0.0	0.0	0.0	0.0	0.0
wilibald	0.0	0.0	0.00046349177	0.0	0.0	0.0	0.0	0.0	0.0	0.0	0.0	0.0	0.0	0.0	0.0	0.0	0.0	0.0	0.0	0.0
professor	0.0	0.0	0.00046306333	0.0	0.0	0.0	0.0	0.0	0.0	0.0	0.0	0.00063162093	0.0	0.0	0.0	0.0	0.0	0.0005963146	0.0	0.0008014663
cadet	0.0	0.0	0.0004615847	0.0	0.0	0.0	0.0	0.0	0.0	0.0	0.0	0.0	0.0	0.0	0.0	0.0	0.0	0.0	0.0	0.0
frau	0.0	0.0	0.0	0.0064677563	0.0	0.0	0.0	0.0	0.0	0.0	0.0	0.0	0.0	0.0	0.0	0.0017306685	0.0	0.0	0.0	0.0
vater	0.0	0.0	0.0	0.0050212354	0.0	0.0	0.0	0.0	0.0	0.0	0.0	0.0	0.0	0.0	0.0	0.0019925372	0.0	0.0	0.0	0.0
alles	0.0	0.0	0.0	0.004376522	0.0	0.0	0.0	0.0	0.0	0.0	0.0	0.0	0.0	0.0	0.0	0.0036889834	0.0	0.0	0.0	0.0
zeit	0.0	0.0	0.0	0.0039156643	0.0	0.0	0.0	0.0025834762	0.0	0.0	0.0	0.0	0.0	0.0	0.0014842441	0.0021698829	0.0	0.0	0.0	0.0
mann	0.0	0.0	0.0	0.003688671	0.0	0.0	0.0	0.0	0.0	0.0	0.0	0.0	0.0	0.0	0.0	0.0023210153	0.0	0.0	0.0	0.0
liebe	0.0	0.0	0.0	0.0033800907	0.0	0.0	0.0	0.0	0.0	0.0	0.0	0.0	0.0	0.0	0.0	0.0	0.0	0.0	0.0	0.0
sagen	0.0	0.0	0.0	0.003308811	0.0	0.0	0.0	0.0	0.0	0.0	0.0	0.0	0.0	0.0	0.0	0.0	0.0	0.0	0.0	0.0
machen	0.0	0.0	0.0	0.0032863442	0.0	0.0	0.0	0.0	0.0	0.0	0.0	0.0	0.0	0.0	0.0	0.0	0.0	0.0	0.0	0.0
herr	0.0	0.0	0.0	0.0032829966	0.0	0.0	0.0	0.0	0.0	0.0	0.0	0.0	0.0	0.0	0.0	0.003207486	0.0	0.0029955087	0.0	0.0
gut	0.0	0.0	0.0	0.0032192655	0.0	0.0	0.0	0.0	0.0	0.0	0.0	0.0	0.0	0.0	0.0	0.001855517	0.0	0.0	0.0	0.0
mutter	0.0	0.0	0.0	0.0031453746	0.0	0.0	0.0	0.0	0.0	0.0	0.0	0.0	0.0	0.0	0.0	0.0024267288	0.0	0.0	0.0	0.0
alte	0.0	0.0	0.0	0.003132448	0.0	0.0	0.0	0.0	0.0	0.0	0.0	0.0	0.0	0.0	0.0	0.0026265827	0.0	0.0	0.0	0.0
leben	0.0	0.0	0.0	0.003054158	0.0	0.0	0.0	0.0	0.0	0.0	0.0	0.0	0.0	0.0	0.0020920888	0.0019417115	0.0	0.0	0.0	0.0
lassen	0.0	0.0	0.0	0.0029024398	0.0	0.0	0.0	0.0	0.0	0.0	0.0	0.0	0.0	0.0	0.0	0.0	0.0	0.0	0.0	0.0
muß	0.0	0.0	0.0	0.0028822576	0.0	0.0	0.0	0.0	0.0	0.0	0.0	0.0	0.0	0.0	0.0	0.0015799606	0.0	0.0	0.0	0.0
recht	0.0	0.0	0.0	0.0028468915	0.0	0.0	0.0	0.0	0.0	0.0	0.0	0.0	0.0	0.0	0.0	0.0016859622	0.0	0.0	0.0	0.0
welt	0.0	0.0	0.0	0.002788077	0.0	0.0	0.0	0.0	0.0	0.0	0.0	0.0	0.0	0.0	0.0	0.0	0.0	0.0	0.0	0.0
mußte	0.0	0.0	0.0	0.0025580768	0.0	0.0	0.0	0.0	0.0	0.0	0.0	0.0	0.0	0.0	0.0	0.0015978649	0.0	0.0	0.0	0.0
keine	0.0	0.0	0.0	0.002497229	0.0	0.0	0.0	0.0	0.0	0.0	0.0	0.0	0.0	0.0	0.0	0.0015789237	0.0	0.0	0.0	0.0
mädchen	0.0	0.0	0.0	0.0024472675	0.0	0.0	0.0	0.0	0.0019028957	0.0	0.0	0.0	0.0	0.0	0.0	0.0019647437	0.0	0.0	0.0	0.0
menschen	0.0	0.0	0.0	0.0024008292	0.0	0.0	0.0006192647	0.0	0.0	0.0	0.0	0.0	0.0	0.0	0.0	0.0	0.0	0.0	0.0	0.0
tage	0.0	0.0	0.0	0.0023158814	0.0	0.0	0.0	0.0	0.0	0.0	0.0	0.0	0.0	0.0	0.0	0.0	0.0	0.0	0.0	0.0
herz	0.0	0.0	0.0	0.002297917	0.0	0.0	0.0	0.0	0.0	0.0	0.0	0.0	0.0	0.0	0.0	0.0016220903	0.0	0.0	0.0	0.0
hause	0.0	0.0	0.0	0.0022023008	0.0	0.0	0.0	0.0	0.0	0.0	0.0	0.0	0.0	0.0	0.0	0.0022321811	0.0	0.0	0.0	0.0
alten	0.0	0.0	0.0	0.0022006494	0.0	0.0	0.0	0.0	0.0	0.0	0.0	0.0	0.0	0.0	0.0	0.002142185	0.0	0.0	0.0	0.0
ging	0.0	0.0	0.0	0.0021407045	0.0	0.0	0.0	0.0	0.0	0.0	0.0	0.0	0.0	0.0	0.0	0.0037861778	0.0	0.0	0.0	0.0
tochter	0.0	0.0	0.0	0.0021256034	0.0	0.0	0.0	0.0	0.0	0.0	0.0	0.0	0.0	0.0	0.0	0.0	0.0	0.0	0.0	0.0
glück	0.0	0.0	0.0	0.002122474	0.0	0.0	0.0	0.0	0.0	0.0	0.0	0.0	0.0	0.0	0.0	0.0	0.0	0.0	0.0005582319	0.0
alle	0.0	0.0	0.0	0.0021117139	0.0	0.0	0.0	0.0	0.0	0.0	0.0	0.0	0.0	0.0	0.0	0.0	0.0	0.0	0.0	0.0
hand	0.0	0.0	0.0	0.0021047478	0.0	0.0	0.0	0.0	0.0	0.0	0.0	0.0	0.0	0.0	0.0	0.0045696874	0.0	0.0	0.0	0.0
rief	0.0	0.0	0.0	0.0020409822	0.0	0.0	0.0	0.0	0.0	0.0	0.0	0.0	0.0	0.0	0.0	0.0050862934	0.0	0.0	0.0	0.0
ließ	0.0	0.0	0.0	0.0020341945	0.0	0.0	0.0	0.0	0.0	0.0	0.0	0.0	0.0	0.0	0.0	0.002328349	0.0	0.0	0.0	0.0
kein	0.0	0.0	0.0	0.0020004807	0.0	0.0	0.0	0.0	0.0	0.0	0.0	0.0	0.0	0.0	0.0	0.00231902	0.0	0.0	0.0	0.0
weiß	0.0	0.0	0.0	0.001993043	0.0	0.0	0.0	0.0	0.0	0.0	0.0	0.0	0.0	0.0	0.0	0.0017397732	0.0	0.0	0.0	0.0
thun	0.0	0.0	0.0	0.0019696788	0.0	0.0	0.0	0.0	0.0	0.0	0.0	0.0	0.0	0.0	0.0	0.0	0.0	0.0	0.0	0.0
andern	0.0	0.0	0.0	0.001969323	0.0	0.0	0.0	0.0	0.0	0.0	0.0	0.0	0.0	0.0	0.0	0.0017522225	0.0	0.0	0.0	0.0
geworden	0.0	0.0	0.0	0.0018917406	0.0	0.0	0.0	0.0	0.0	0.0	0.0	0.0	0.0	0.0	0.0	0.0	0.0	0.0	0.0	0.0
gab	0.0	0.0	0.0	0.00188879	0.0	0.0	0.0	0.0	0.0	0.0	0.0	0.0	0.0	0.0	0.0	0.0	0.0	0.0	0.0	0.0
machte	0.0	0.0	0.0	0.0018862667	0.0	0.0	0.0	0.0	0.0	0.0	0.0	0.0	0.0	0.0	0.0	0.0	0.0	0.0	0.0	0.0
wort	0.0	0.0	0.0	0.0018551952	0.0	0.0	0.0	0.0	0.0	0.0	0.0	0.0	0.0	0.0	0.0	0.0	0.0	0.0	0.0	0.0
jungen	0.0	0.0	0.0	0.0018174677	0.0	0.0	0.0	0.0	0.0	0.0	0.0	0.0	0.0	0.0	0.0	0.0	0.0	0.0	0.0	0.0
schien	0.0	0.0	0.0	0.0018074185	0.0	0.0	0.0	0.0	0.0	0.0	0.0	0.0	0.0	0.0	0.0	0.0022773764	0.0	0.0	0.0	0.0
gleich	0.0	0.0	0.0	0.0017927383	0.0	0.0	0.0	0.0	0.0	0.0	0.0	0.0	0.0	0.0	0.0	0.0	0.0	0.0	0.0	0.0
nahm	0.0	0.0	0.0	0.0017770886	0.0	0.0	0.0	0.0	0.0	0.0	0.0	0.0	0.0	0.0	0.0	0.0016468463	0.0	0.0	0.0	0.0
augen	0.0	0.0	0.0	0.0017538088	0.0	0.0	0.0	0.0	0.0	0.0	0.0	0.0	0.0	0.0	0.0	0.004571346	0.0	0.0	0.0	0.0
that	0.0	0.0	0.0	0.0017360448	0.0	0.0	0.0	0.0	0.0	0.0	0.0	0.0	0.0	0.0	0.0	0.0	0.0	0.0	0.0	0.0
geben	0.0	0.0	0.0	0.0016914755	0.0	0.0	0.0	0.0	0.0	0.0	0.0	0.0	0.0	0.0	0.0	0.0	0.0	0.0	0.0	0.0
wissen	0.0	0.0	0.0	0.0016675678	0.0	0.0	0.0	0.0	0.0	0.0	0.0	0.0	0.0	0.0	0.0	0.0	0.0	0.0	0.0	0.0
wußte	0.0	0.0	0.0	0.0016424184	0.0	0.0	0.0	0.0	0.0	0.0	0.0	0.0	0.0	0.0	0.0	0.0	0.0	0.0	0.0	0.0
müssen	0.0	0.0	0.0	0.0016327724	0.0	0.0	0.0	0.0	0.0	0.0	0.0	0.0	0.0	0.0	0.0	0.0	0.0	0.0	0.0	0.0
wasser	0.0	0.0	0.0	0.0	0.0022715	0.0	0.0	0.0	0.0011721102	0.0	0.0	0.0	0.0	0.0	0.0	0.0	0.0	0.0	0.0	0.0
schmuck	0.0	0.0	0.0	0.0	0.0012026383	0.0	0.0020381254	0.0	0.0	0.0	0.0	0.0	0.0	0.0	0.0	0.0	0.0	0.0	0.0	0.0
blumen	0.0	0.0	0.0	0.0	0.0010770087	0.0	0.0	0.0	0.0	0.0	0.0	0.0	0.0	0.0	0.0	0.0	0.0	0.0	0.0	0.0
ruf	0.0	0.0	0.0	0.0	0.001000954	0.0	0.0	0.0	0.0	0.0	0.0	0.0	0.0	0.0	0.0	0.0	0.0	0.0	0.0	0.0
munde	0.0	0.0	0.0	0.0	0.0009880564	0.0006694707	0.0	0.0	0.0	0.0	0.0	0.0	0.0	0.0	0.0	0.0	0.0	0.0	0.0	0.0
grüne	0.0	0.0	0.0	0.0	0.0008548816	0.0	0.0	0.0	0.0	0.0	0.0	0.0	0.0	0.0	0.0	0.0	0.0	0.0	0.0	0.0
brunnen	0.0	0.0	0.0	0.0	0.00084349443	0.0	0.0	0.0	0.0	0.0	0.0	0.0	0.0	0.0	0.0	0.0	0.0	0.0	0.0	0.0
eremit	0.0	0.0	0.0	0.0	0.00074264203	0.0	0.0	0.0	0.0	0.0	0.0	0.0	0.0008012505	0.0	0.0	0.0	0.0	0.0	0.0015041733	0.0
kunst	0.0	0.0	0.0	0.0	0.00068534986	0.0	0.0	0.000770102	0.0	0.0	0.0	0.0	0.0	0.0	0.0	0.0	0.0	0.0	0.0	0.0
ganze	0.0	0.0	0.0	0.0	0.00068515947	0.0	0.0	0.0	0.0	0.0	0.0	0.0	0.0	0.0	0.0	0.0	0.0	0.0	0.0	0.0
sauber	0.0	0.0	0.0	0.0	0.0006370584	0.0	0.0	0.0	0.0	0.0	0.0	0.0	0.0	0.0	0.0	0.0	0.0	0.0	0.0	0.0
suppe	0.0	0.0	0.0	0.0	0.0006227453	0.0	0.0	0.0	0.0	0.0	0.0	0.0	0.0	0.0	0.0	0.0	0.0	0.0	0.0	0.0
exili	0.0	0.0	0.0	0.0	0.00061990076	0.0	0.0	0.0	0.0	0.0	0.0	0.0	0.0	0.0	0.0	0.0	0.0	0.0	0.0	0.0
leffert	0.0	0.0	0.0	0.0	0.0006197603	0.0	0.0	0.0	0.0	0.0	0.0	0.0	0.0	0.0	0.0	0.0	0.0	0.0	0.0	0.0
ecke	0.0	0.0	0.0	0.0	0.0005544878	0.0	0.0	0.0	0.0	0.0	0.0	0.0	0.0	0.0	0.0	0.0	0.0	0.0	0.0	0.0
buchstaben	0.0	0.0	0.0	0.0	0.000540076	0.0	0.0	0.0	0.0	0.0	0.0	0.0	0.0	0.0	0.0	0.0	0.0	0.0	0.0	0.0
grün	0.0	0.0	0.0	0.0	0.0005293907	0.0	0.0	0.0	0.0	0.0	0.0	0.0	0.0	0.0	0.0	0.0	0.0	0.0	0.0	0.0
blühenden	0.0	0.0	0.0	0.0	0.0005256456	0.0	0.0	0.0	0.0	0.0	0.0	0.0	0.0	0.0	0.0	0.0	0.0	0.0	0.0	0.0
behandelt	0.0	0.0	0.0	0.0	0.00051962753	0.0	0.0	0.0	0.0	0.0	0.0	0.0	0.0	0.0	0.0	0.0	0.0	0.0	0.0	0.0
stark	0.0	0.0	0.0	0.0	0.0005105671	0.0	0.0	0.0	0.0	0.0	0.0	0.0	0.0	0.0	0.0	0.0	0.0	0.0	0.0	0.0
hindurch	0.0	0.0	0.0	0.0	0.00050701876	0.0	0.0	0.0	0.0	0.0	0.0	0.0	0.0	0.0	0.0	0.0	0.0	0.0	0.0	0.0
knecht	0.0	0.0	0.0	0.0	0.00050653284	0.0	0.0	0.0	0.0	0.0	0.0	0.0	0.0	0.0	0.0	0.0	0.0	0.0	0.0	0.0
blaukittel	0.0	0.0	0.0	0.0	0.00049710664	0.0	0.0	0.0	0.0	0.0	0.0	0.0	0.0	0.0	0.0	0.0	0.0	0.0	0.0	0.0
seht	0.0	0.0	0.0	0.0	0.0004908059	0.0	0.0	0.0	0.0	0.0	0.0	0.0	0.0	0.0	0.0	0.0	0.0	0.0	0.0	0.0
klosters	0.0	0.0	0.0	0.0	0.00048813262	0.0	0.0	0.0	0.0	0.0	0.0	0.0	0.0	0.0	0.0	0.0	0.0	0.0	0.0	0.0
rauschend	0.0	0.0	0.0	0.0	0.00048525233	0.0	0.0	0.0	0.0	0.0	0.0	0.0	0.0	0.0	0.0	0.0	0.0	0.0	0.0	0.0
raum	0.0	0.0	0.0	0.0	0.00048335624	0.0	0.0	0.0	0.0	0.0	0.0	0.0	0.0	0.0	0.0	0.0	0.0	0.0	0.0	0.0
anzahl	0.0	0.0	0.0	0.0	0.00048225708	0.0	0.0	0.0	0.0	0.0	0.0	0.0	0.0	0.0	0.0	0.0	0.0	0.0	0.0	0.0
nichtig	0.0	0.0	0.0	0.0	0.00048214002	0.0	0.0	0.0	0.0	0.0	0.0	0.0	0.0	0.0	0.0	0.0	0.0	0.0	0.0	0.0
verlor	0.0	0.0	0.0	0.0	0.00047354534	0.0	0.0	0.0	0.0	0.0	0.0	0.0	0.0	0.0	0.0	0.0	0.0	0.0	0.0	0.0
erfreut	0.0	0.0	0.0	0.0	0.00047228666	0.0	0.0	0.0	0.0	0.0	0.0	0.0	0.0	0.0	0.0	0.0	0.0	0.0	0.0	0.0
röhricht	0.0	0.0	0.0	0.0	0.00046959386	0.0	0.0	0.0	0.0	0.0	0.0	0.0	0.0	0.0	0.0	0.0	0.0	0.0	0.0	0.0
schätze	0.0	0.0	0.0	0.0	0.0004691193	0.0	0.0	0.0	0.0	0.0	0.0	0.0	0.0	0.0	0.0	0.0	0.0	0.0	0.0	0.0
aufgaben	0.0	0.0	0.0	0.0	0.00046371395	0.0	0.0	0.0	0.0	0.0	0.0	0.0	0.0	0.0	0.0	0.0	0.0	0.0	0.0	0.0
eiland	0.0	0.0	0.0	0.0	0.00045981593	0.0	0.0	0.0	0.0	0.0	0.0	0.0	0.0	0.0	0.0	0.0	0.0	0.0	0.0	0.0
horizont	0.0	0.0	0.0	0.0	0.00045202734	0.0	0.0	0.0	0.0	0.0	0.0	0.0	0.0	0.0	0.0	0.0	0.0	0.0	0.0	0.0
ernte	0.0	0.0	0.0	0.0	0.00045116214	0.0	0.0	0.0	0.0	0.0	0.0	0.0	0.0	0.0	0.0	0.0	0.0	0.0	0.0	0.0
geschmeide	0.0	0.0	0.0	0.0	0.00044929	0.0	0.0	0.0	0.0	0.0	0.0	0.0	0.0	0.0	0.0	0.0	0.0	0.0	0.0	0.0
nachen	0.0	0.0	0.0	0.0	0.0004453175	0.0	0.0	0.0	0.0	0.0	0.0	0.0	0.0	0.0	0.0	0.0	0.0	0.0	0.0	0.0
lieder	0.0	0.0	0.0	0.0	0.00044014512	0.0005081725	0.0	0.0	0.0	0.0	0.0	0.0	0.0	0.0	0.0	0.0	0.0	0.0	0.0	0.0
eifriger	0.0	0.0	0.0	0.0	0.00043994625	0.0	0.0	0.0	0.0	0.0	0.0	0.0	0.0	0.0	0.0	0.0	0.0	0.0	0.0	0.0
hauptstadt	0.0	0.0	0.0	0.0	0.00043509778	0.0	0.0	0.0	0.0	0.0	0.0	0.0	0.0	0.0	0.0	0.0	0.0	0.0	0.0	0.0
thee	0.0	0.0	0.0	0.0	0.00043173367	0.0	0.0	0.0	0.0	0.0	0.0	0.0	0.0	0.0	0.0	0.0	0.0	0.0	0.0	0.0
niedrigen	0.0	0.0	0.0	0.0	0.00043122482	0.0	0.0	0.0	0.0	0.0	0.0	0.0	0.0	0.0	0.0	0.0	0.0	0.0	0.0	0.0
wohnungen	0.0	0.0	0.0	0.0	0.00043073733	0.0	0.0	0.0	0.0	0.0	0.0	0.0	0.0	0.0	0.0	0.0	0.0	0.0	0.0	0.0
bäcker	0.0	0.0	0.0	0.0	0.0	0.002610093	0.0	0.0	0.0	0.0	0.0	0.0	0.0	0.0	0.0	0.0	0.0	0.0	0.0	0.0
pastor	0.0	0.0	0.0	0.0	0.0	0.0017689308	0.0	0.0	0.0	0.0	0.0	0.0	0.0	0.0	0.0	0.0	0.0	0.0	0.000708559	0.0
gehört	0.0	0.0	0.0	0.0	0.0	0.0014125344	0.0	0.0	0.0	0.0	0.0	0.0	0.0	0.0	0.0	0.0	0.0	0.0	0.0	0.0
männer	0.0	0.0	0.0	0.0	0.0	0.0010902201	0.0	0.0	0.0	0.0	0.0	0.0	0.0	0.0	0.0	0.0	0.0	0.0	0.0	0.0
erklärte	0.0	0.0	0.0	0.0	0.0	0.0010377375	0.0	0.0	0.0	0.0	0.0	0.0	0.0	0.0	0.0	0.0	0.0	0.0	0.0	0.0
kutscher	0.0	0.0	0.0	0.0	0.0	0.0009707	0.0	0.0	0.0005752239	0.0	0.0016503226	0.0	0.0	0.0	0.0	0.0	0.0	0.0	0.0009582431	0.0
sardok	0.0	0.0	0.0	0.0	0.0	0.0009648924	0.0	0.0	0.0	0.0	0.0	0.0	0.0	0.0	0.0	0.0	0.0	0.0	0.0	0.0
schreiber	0.0	0.0	0.0	0.0	0.0	0.00096096896	0.0	0.0	0.0	0.0	0.0	0.0008360497	0.0	0.0	0.0	0.0	0.0	0.0	0.0	0.0
jäger	0.0	0.0	0.0	0.0	0.0	0.0008665346	0.0	0.0	0.0	0.0	0.0	0.0	0.0	0.0	0.0	0.0	0.0	0.0	0.0	0.0
fuhrmann	0.0	0.0	0.0	0.0	0.0	0.000818763	0.0	0.0	0.0	0.0	0.0	0.0	0.0	0.0	0.0	0.0	0.0	0.0	0.0	0.0
manche	0.0	0.0	0.0	0.0	0.0	0.00081376894	0.0	0.0	0.0	0.0	0.0	0.0	0.0	0.0	0.0	0.0	0.0	0.0	0.0	0.0
koal	0.0	0.0	0.0	0.0	0.0	0.0007460833	0.0	0.0	0.0	0.0	0.0	0.0	0.0	0.0	0.0	0.0	0.0	0.0	0.0	0.0
brandes	0.0	0.0	0.0	0.0	0.0	0.00070496794	0.0	0.0	0.0	0.0	0.0	0.0	0.0	0.0	0.0	0.0	0.0	0.0	0.0	0.0
setzen	0.0	0.0	0.0	0.0	0.0	0.00069921336	0.0	0.0	0.0	0.0	0.0	0.0	0.0	0.0	0.0	0.0	0.0	0.0	0.0	0.0
sommer	0.0	0.0	0.0	0.0	0.0	0.0006633311	0.0	0.0	0.0	0.0	0.0	0.0	0.0	0.0	0.0	0.0	0.0	0.0	0.0	0.0
margreth	0.0	0.0	0.0	0.0	0.0	0.00064100814	0.0	0.0	0.0	0.0	0.0	0.0	0.0	0.0	0.0	0.0	0.0	0.0	0.0	0.0
gast	0.0	0.0	0.0	0.0	0.0	0.0006395598	0.0	0.0	0.0	0.0	0.0	0.0	0.0	0.0	0.0	0.0	0.0	0.00067707873	0.0	0.0
reitknecht	0.0	0.0	0.0	0.0	0.0	0.00062435435	0.0	0.0	0.0	0.0	0.0	0.0	0.0	0.0	0.0	0.0	0.0	0.0	0.0	0.0
wären	0.0	0.0	0.0	0.0	0.0	0.00062301784	0.0	0.0	0.0	0.0	0.0	0.0	0.0	0.0	0.0	0.0	0.0	0.0	0.0	0.0
pastorin	0.0	0.0	0.0	0.0	0.0	0.0006172179	0.0	0.0	0.0	0.0	0.0	0.0	0.0	0.0	0.0	0.0	0.0	0.0	0.0	0.0
jägerhof	0.0	0.0	0.0	0.0	0.0	0.00061712234	0.0	0.0	0.0	0.0	0.0	0.0	0.0	0.0	0.0	0.0	0.0	0.0	0.0	0.0
lied	0.0	0.0	0.0	0.0	0.0	0.0006136686	0.0	0.0	0.0	0.0	0.0	0.0	0.0	0.0	0.0	0.0	0.0	0.0	0.0	0.0007752034
förster	0.0	0.0	0.0	0.0	0.0	0.00060310075	0.0	0.0	0.0	0.0	0.0	0.0	0.0	0.0	0.0	0.0	0.0	0.00075296673	0.0	0.0
kandidat	0.0	0.0	0.0	0.0	0.0	0.0006024333	0.0	0.0	0.0	0.0	0.0	0.0	0.0	0.0	0.0	0.0	0.0	0.0	0.0	0.0
steuer	0.0	0.0	0.0	0.0	0.0	0.0005916642	0.0	0.0	0.0	0.0	0.0	0.0	0.0	0.0	0.0	0.0	0.0	0.0	0.0	0.0
mappe	0.0	0.0	0.0	0.0	0.0	0.0005874302	0.0	0.0	0.0	0.0	0.0	0.0	0.0	0.0	0.0	0.0	0.0	0.0	0.0	0.0
reihe	0.0	0.0	0.0	0.0	0.0	0.0005851685	0.0	0.0	0.0	0.0	0.0	0.0	0.0	0.0	0.0023849842	0.0	0.0	0.0	0.0	0.0
geschickt	0.0	0.0	0.0	0.0	0.0	0.0005799005	0.0	0.0	0.0	0.0	0.0	0.0	0.0	0.0	0.0	0.0	0.0	0.0	0.0	0.0
verhör	0.0	0.0	0.0	0.0	0.0	0.0005767732	0.0	0.0	0.0	0.0	0.0	0.0	0.0	0.0	0.0	0.0	0.0	0.0	0.0	0.0
grund	0.0	0.0	0.0	0.0	0.0	0.00057317596	0.0	0.0	0.0	0.0	0.0	0.0	0.0	0.0	0.0	0.0	0.0	0.0	0.0	0.0
türken	0.0	0.0	0.0	0.0	0.0	0.00055858685	0.0	0.0	0.0	0.0	0.0	0.0	0.0	0.0	0.0	0.0	0.0	0.0	0.0	0.0
tisch	0.0	0.0	0.0	0.0	0.0	0.0005540885	0.0	0.0	0.0	0.0	0.0	0.0	0.0	0.0	0.0	0.0	0.0	0.0	0.0	0.0
mädel	0.0	0.0	0.0	0.0	0.0	0.0005507945	0.0	0.0	0.0	0.0	0.0	0.0	0.0	0.0	0.0	0.0	0.0	0.0	0.0	0.0
läuft	0.0	0.0	0.0	0.0	0.0	0.00054901175	0.0	0.0	0.0	0.0	0.0	0.0	0.0	0.0	0.0	0.0	0.0	0.0	0.0	0.0
weiber	0.0	0.0	0.0	0.0	0.0	0.00054831756	0.0	0.0	0.0	0.0	0.0	0.0	0.0	0.0	0.0	0.0	0.0	0.0	0.0	0.0
buchhalter	0.0	0.0	0.0	0.0	0.0	0.00054276816	0.0	0.0	0.0	0.0	0.0	0.0	0.0	0.0	0.0	0.0	0.0	0.0	0.0	0.0
minuten	0.0	0.0	0.0	0.0	0.0	0.0005381889	0.0	0.0	0.0	0.0	0.0	0.0	0.0	0.0	0.0	0.0	0.0	0.0	0.0	0.0
sau	0.0	0.0	0.0	0.0	0.0	0.00053437153	0.0	0.0	0.0	0.0	0.0	0.0	0.0	0.0	0.0	0.0	0.0	0.0	0.0	0.0
schwäher	0.0	0.0	0.0	0.0	0.0	0.0005307736	0.0	0.0	0.0	0.0	0.0	0.0	0.0	0.0	0.0	0.0	0.0	0.0	0.0	0.0
irrlichter	0.0	0.0	0.0	0.0	0.0	0.00052803097	0.0	0.0	0.0	0.0	0.0	0.0	0.0	0.0	0.0	0.0	0.0	0.0	0.0	0.0
pflanzer	0.0	0.0	0.0	0.0	0.0	0.0005176103	0.0	0.0	0.0	0.0	0.0	0.0	0.0	0.0	0.0	0.0	0.0	0.0	0.0	0.0
mienen	0.0	0.0	0.0	0.0	0.0	0.0005115973	0.0	0.0	0.0	0.0	0.0	0.0	0.0	0.0	0.0	0.0	0.0	0.0	0.0	0.0
laß	0.0	0.0	0.0	0.0	0.0	0.0005052725	0.0	0.0	0.0	0.0	0.0	0.0	0.0	0.0	0.0	0.0	0.0	0.0	0.0	0.0
bestimmt	0.0	0.0	0.0	0.0	0.0	0.0004957874	0.0	0.0	0.0	0.0	0.0	0.0	0.0	0.0	0.0	0.0	0.0	0.0	0.0	0.0
schultheiß	0.0	0.0	0.0	0.0	0.0	0.00049323787	0.0	0.0	0.0	0.0	0.0	0.0	0.0	0.0	0.0	0.0	0.0	0.0	0.0	0.0
euch	0.0	0.0	0.0	0.0	0.0	0.0	0.006138343	0.0	0.0	0.0	0.0034099575	0.0	0.0	0.0	0.0	0.002481125	0.0	0.0	0.0	0.0
marquise	0.0	0.0	0.0	0.0	0.0	0.0	0.0014818413	0.0	0.0	0.0	0.0	0.0	0.0	0.0	0.0	0.0	0.0	0.0	0.0	0.0
städtchen	0.0	0.0	0.0	0.0	0.0	0.0	0.0012990814	0.0	0.0	0.0	0.0	0.0	0.0	0.0	0.0	0.0	0.0	0.0	0.0	0.0
jansen	0.0	0.0	0.0	0.0	0.0	0.0	0.0012034423	0.0	0.0	0.0	0.0	0.0	0.0	0.0	0.0	0.0	0.0	0.0	0.0	0.0
kahlkopf	0.0	0.0	0.0	0.0	0.0	0.0	0.001154366	0.0	0.0	0.0	0.0	0.0	0.0	0.0	0.0	0.0	0.0	0.0	0.0	0.0
landrichter	0.0	0.0	0.0	0.0	0.0	0.0	0.0010164226	0.0	0.0	0.0	0.0	0.0	0.0	0.0	0.0	0.0	0.0	0.0	0.0	0.0
euer	0.0	0.0	0.0	0.0	0.0	0.0	0.0010032897	0.0	0.0	0.0	0.0	0.0	0.0	0.0	0.0	0.0	0.0	0.0006735362	0.0	0.0
juwelen	0.0	0.0	0.0	0.0	0.0	0.0	0.00085246225	0.0	0.0	0.0006380334	0.0	0.0	0.0	0.0	0.0	0.0	0.0	0.0	0.0	0.0
kästchen	0.0	0.0	0.0	0.0	0.0	0.0	0.00075771165	0.0	0.0	0.0	0.0	0.0	0.0	0.0	0.0	0.0	0.0	0.0	0.0	0.0
besten	0.0	0.0	0.0	0.0	0.0	0.0	0.0007521949	0.0	0.0006317098	0.0	0.0	0.0	0.0	0.0	0.0	0.0	0.0	0.0	0.0	0.0
böelappe	0.0	0.0	0.0	0.0	0.0	0.0	0.0007413189	0.0	0.0	0.0	0.0	0.0	0.0	0.0	0.0	0.0	0.0	0.0	0.0	0.0
franzosen	0.0	0.0	0.0	0.0	0.0	0.0	0.00071101997	0.0	0.0	0.0	0.00047829573	0.0	0.0	0.0	0.0	0.0	0.0	0.0	0.0009095111	0.0
großen	0.0	0.0	0.0	0.0	0.0	0.0	0.0006886393	0.001015336	0.0	0.0	0.0	0.0	0.0	0.0	0.0016427102	0.0	0.0	0.0	0.0	0.0
geschichten	0.0	0.0	0.0	0.0	0.0	0.0	0.00065809884	0.0	0.0	0.0	0.0	0.0	0.0	0.0	0.0	0.0	0.0	0.0	0.0	0.0
colonist	0.0	0.0	0.0	0.0	0.0	0.0	0.000655994	0.0	0.0	0.0	0.0	0.0	0.0	0.0	0.0	0.0	0.0	0.0	0.0	0.0
hohn	0.0	0.0	0.0	0.0	0.0	0.0	0.00063594227	0.0	0.0	0.0	0.0	0.0	0.0	0.0	0.0	0.0	0.0	0.0	0.0	0.0
he	0.0	0.0	0.0	0.0	0.0	0.0	0.0006005794	0.0	0.0	0.0	0.0	0.0	0.0	0.0	0.0	0.0	0.0	0.0	0.0	0.0
fischer	0.0	0.0	0.0	0.0	0.0	0.0	0.0005865248	0.0	0.0	0.0	0.0	0.0	0.0	0.0	0.0	0.0	0.0	0.0	0.0	0.0
verbrechen	0.0	0.0	0.0	0.0	0.0	0.0	0.00057172833	0.0	0.0	0.0	0.0	0.0	0.0	0.0	0.0	0.0	0.0	0.0	0.0	0.0
beamten	0.0	0.0	0.0	0.0	0.0	0.0	0.00056780374	0.0	0.0	0.0	0.0	0.0	0.0	0.0	0.0	0.0	0.0	0.0	0.0	0.0
gesellen	0.0	0.0	0.0	0.0	0.0	0.0	0.00056527636	0.0	0.0	0.0	0.0	0.0	0.0	0.0	0.0	0.0	0.0	0.0	0.0	0.0
registranten	0.0	0.0	0.0	0.0	0.0	0.0	0.00056430773	0.0	0.0	0.0	0.0	0.0	0.0	0.0	0.0	0.0	0.0	0.0	0.0	0.0
stieftochter	0.0	0.0	0.0	0.0	0.0	0.0	0.00056395377	0.0	0.0	0.0	0.0	0.0	0.0	0.0	0.0	0.0	0.0	0.0	0.0	0.0
halsschmuck	0.0	0.0	0.0	0.0	0.0	0.0	0.0005559016	0.0	0.0	0.0	0.0	0.0	0.0	0.0	0.0	0.0	0.0	0.0	0.0	0.0
natur	0.0	0.0	0.0	0.0	0.0	0.0	0.00054493046	0.0	0.0	0.0	0.0	0.0	0.0	0.0	0.0021359758	0.0	0.0	0.0	0.0	0.0
offenbarung	0.0	0.0	0.0	0.0	0.0	0.0	0.0005352432	0.0	0.0	0.0	0.0	0.0	0.0	0.0	0.0	0.0	0.0	0.0	0.0	0.0
groschen	0.0	0.0	0.0	0.0	0.0	0.0	0.00053223426	0.0	0.0	0.0	0.0	0.0	0.0	0.0	0.0	0.0	0.0	0.0	0.0	0.0
erbschaft	0.0	0.0	0.0	0.0	0.0	0.0	0.00052939384	0.0	0.0	0.0	0.0	0.0	0.0	0.0	0.0	0.0	0.0	0.0	0.0	0.0
eurer	0.0	0.0	0.0	0.0	0.0	0.0	0.00052083953	0.0	0.0	0.0	0.0	0.0	0.0	0.0	0.0	0.0	0.0	0.0	0.0	0.0
funkelnden	0.0	0.0	0.0	0.0	0.0	0.0	0.0005200575	0.0	0.0	0.0	0.0	0.0	0.0	0.0	0.0	0.0	0.0	0.0	0.0	0.0
colonisten	0.0	0.0	0.0	0.0	0.0	0.0	0.000517964	0.0	0.0	0.0	0.0	0.0	0.0	0.0	0.0	0.0	0.0	0.0	0.0	0.0
jedem	0.0	0.0	0.0	0.0	0.0	0.0	0.0005175268	0.0	0.0	0.0	0.0	0.0	0.0	0.0	0.0	0.0	0.0	0.0	0.0	0.0
trommeln	0.0	0.0	0.0	0.0	0.0	0.0	0.000515858	0.0	0.0	0.0	0.0	0.0	0.0	0.0	0.0	0.0	0.0	0.0	0.0	0.0
armbänder	0.0	0.0	0.0	0.0	0.0	0.0	0.0005087561	0.0	0.0	0.0	0.0	0.0	0.0	0.0	0.0	0.0	0.0	0.0	0.0	0.0
brelon	0.0	0.0	0.0	0.0	0.0	0.0	0.00049677584	0.0	0.0	0.0	0.0	0.00048488885	0.0	0.0	0.0	0.0	0.0	0.0	0.0	0.0
thaten	0.0	0.0	0.0	0.0	0.0	0.0	0.00049671147	0.0	0.0	0.0	0.0	0.0	0.0	0.0	0.0	0.0	0.0	0.0	0.0	0.0
beständig	0.0	0.0	0.0	0.0	0.0	0.0	0.0004964203	0.0	0.0	0.0	0.0	0.0	0.0	0.0	0.0	0.0	0.0	0.0	0.0	0.0
hoher	0.0	0.0	0.0	0.0	0.0	0.0	0.00049222173	0.0	0.0	0.0	0.0	0.0	0.0	0.0	0.0	0.0	0.0	0.0	0.0	0.0
markte	0.0	0.0	0.0	0.0	0.0	0.0	0.00048234404	0.0	0.0	0.0	0.0	0.0	0.0	0.0	0.0	0.0	0.0	0.0	0.0	0.0
hoffte	0.0	0.0	0.0	0.0	0.0	0.0	0.0004782895	0.0	0.0	0.0	0.0	0.0	0.0	0.0	0.0	0.0	0.0	0.0	0.0	0.0
müßt	0.0	0.0	0.0	0.0	0.0	0.0	0.0004722447	0.0	0.0	0.0	0.0005556165	0.0	0.0	0.0	0.0	0.0	0.0	0.0	0.0	0.0
fürchtet	0.0	0.0	0.0	0.0	0.0	0.0	0.00047189067	0.0	0.0	0.0	0.0	0.0	0.0	0.0	0.0	0.0	0.0	0.0	0.0	0.0
hofrichter	0.0	0.0	0.0	0.0	0.0	0.0	0.00047100362	0.0	0.0	0.0	0.0	0.0	0.0	0.0	0.0	0.0	0.0	0.0010069675	0.0	0.0
lappen	0.0	0.0	0.0	0.0	0.0	0.0	0.0004705406	0.00047996175	0.0	0.0	0.0	0.0	0.0	0.0	0.0	0.0	0.0	0.0	0.0	0.0
tadeln	0.0	0.0	0.0	0.0	0.0	0.0	0.00047043868	0.0	0.0	0.0	0.0	0.0	0.0	0.0	0.0	0.0	0.0	0.0	0.0	0.0
boshaft	0.0	0.0	0.0	0.0	0.0	0.0	0.00047016522	0.0	0.0	0.0	0.0	0.0	0.0	0.0	0.0	0.0	0.0	0.0	0.0	0.0
selvar	0.0	0.0	0.0	0.0	0.0	0.0	0.0	0.0015893917	0.0005514209	0.0008277209	0.0	0.0	0.0	0.0	0.0	0.0	0.0	0.0	0.0	0.0
rechten	0.0	0.0	0.0	0.0	0.0	0.0	0.0	0.00084370497	0.0	0.0	0.0	0.0	0.0	0.0	0.0	0.0	0.0	0.0	0.0	0.0
grossinger	0.0	0.0	0.0	0.0	0.0	0.0	0.0	0.000836858	0.0006364251	0.0	0.0	0.0	0.0	0.0	0.0	0.0	0.0	0.0	0.0	0.0
vicomte	0.0	0.0	0.0	0.0	0.0	0.0	0.0	0.00082956656	0.0	0.0	0.0	0.0	0.0	0.0	0.0	0.0	0.0	0.0	0.0	0.0013486374
wolfsind	0.0	0.0	0.0	0.0	0.0	0.0	0.0	0.000778152	0.0	0.0	0.0	0.0	0.0	0.0	0.0	0.0	0.0	0.0	0.0	0.0
anblick	0.0	0.0	0.0	0.0	0.0	0.0	0.0	0.0007403504	0.0	0.0	0.0	0.0	0.0	0.0	0.0	0.0	0.0	0.0	0.0	0.0
schienen	0.0	0.0	0.0	0.0	0.0	0.0	0.0	0.00072797656	0.0	0.0	0.0	0.0	0.0	0.0	0.0	0.0	0.0	0.0	0.0	0.0
waldbruder	0.0	0.0	0.0	0.0	0.0	0.0	0.0	0.0007277985	0.0	0.0	0.0	0.0	0.0	0.0	0.0	0.0	0.0	0.0	0.0	0.0
köchin	0.0	0.0	0.0	0.0	0.0	0.0	0.0	0.0007198211	0.0	0.0	0.0	0.0	0.0	0.0	0.0	0.0	0.0	0.0	0.0	0.0
hof	0.0	0.0	0.0	0.0	0.0	0.0	0.0	0.0006974096	0.0	0.0	0.0	0.0	0.0	0.0	0.0	0.0	0.0	0.0	0.0	0.0
immeker	0.0	0.0	0.0	0.0	0.0	0.0	0.0	0.0005928886	0.0	0.0	0.0	0.0	0.0	0.0	0.0	0.0	0.0	0.0	0.0	0.0
haufen	0.0	0.0	0.0	0.0	0.0	0.0	0.0	0.00058904715	0.0	0.0	0.0	0.0	0.0	0.0	0.0	0.0	0.0	0.0	0.0	0.0
commandant	0.0	0.0	0.0	0.0	0.0	0.0	0.0	0.0005820337	0.0	0.0	0.0	0.0	0.0	0.0	0.0	0.0	0.0	0.0	0.0	0.00066300365
gestalten	0.0	0.0	0.0	0.0	0.0	0.0	0.0	0.00056642265	0.0	0.0	0.0	0.0	0.0	0.0	0.0	0.0	0.0	0.0	0.0	0.0
uniform	0.0	0.0	0.0	0.0	0.0	0.0	0.0	0.0005579756	0.0	0.0	0.0	0.0	0.0	0.0	0.0	0.0	0.0	0.0	0.0	0.0
kloster	0.0	0.0	0.0	0.0	0.0	0.0	0.0	0.00054347876	0.0	0.0	0.0	0.0	0.0	0.0	0.0	0.0	0.0	0.0	0.0	0.0
alsbald	0.0	0.0	0.0	0.0	0.0	0.0	0.0	0.00054310245	0.0	0.0	0.0	0.0	0.0	0.0	0.0	0.0	0.0	0.0	0.0	0.0
melcher	0.0	0.0	0.0	0.0	0.0	0.0	0.0	0.0005368763	0.0	0.0	0.0	0.0	0.0	0.0	0.0	0.0	0.0	0.0	0.0	0.0
altenkreuz	0.0	0.0	0.0	0.0	0.0	0.0	0.0	0.0005332047	0.0	0.0	0.0	0.0	0.0	0.0	0.0	0.0	0.0	0.0	0.0	0.0
anfangs	0.0	0.0	0.0	0.0	0.0	0.0	0.0	0.0005255086	0.0	0.0	0.0	0.0	0.0	0.0	0.0	0.0	0.0	0.0	0.0	0.0
kaufmann	0.0	0.0	0.0	0.0	0.0	0.0	0.0	0.0005244942	0.0	0.0	0.0	0.0	0.0	0.0	0.0	0.0	0.0	0.0	0.0	0.0
gegenwart	0.0	0.0	0.0	0.0	0.0	0.0	0.0	0.00052364235	0.0	0.0	0.0	0.0	0.0	0.0	0.0	0.0	0.0	0.0	0.0	0.0
schöpfung	0.0	0.0	0.0	0.0	0.0	0.0	0.0	0.0005228755	0.0	0.0	0.0	0.0	0.0	0.0	0.0	0.0	0.0	0.0	0.0	0.0
sinn	0.0	0.0	0.0	0.0	0.0	0.0	0.0	0.0005138291	0.0	0.0	0.0	0.0	0.0	0.0	0.0	0.0	0.0	0.0	0.0	0.0
zofingen	0.0	0.0	0.0	0.0	0.0	0.0	0.0	0.00050484133	0.0	0.0	0.0	0.0	0.0	0.0	0.0	0.0	0.0	0.0	0.0	0.0
erkannte	0.0	0.0	0.0	0.0	0.0	0.0	0.0	0.0004951534	0.0	0.0	0.0	0.0	0.0	0.0	0.0	0.0	0.0	0.0	0.0	0.0
erscheinen	0.0	0.0	0.0	0.0	0.0	0.0	0.0	0.0004915602	0.0	0.0	0.0	0.0	0.0	0.0	0.0	0.0	0.0	0.0	0.0	0.0
fang	0.0	0.0	0.0	0.0	0.0	0.0	0.0	0.00048865273	0.0	0.0	0.0	0.0	0.0	0.0	0.0	0.0	0.0	0.0	0.0	0.0
schüler	0.0	0.0	0.0	0.0	0.0	0.0	0.0	0.00047430536	0.0	0.0	0.0	0.0	0.0004568094	0.0	0.0	0.0	0.0	0.0	0.0	0.0
schiffer	0.0	0.0	0.0	0.0	0.0	0.0	0.0	0.00047039328	0.0	0.0	0.0	0.0	0.0	0.0	0.0	0.0	0.0	0.0	0.0	0.0
poesie	0.0	0.0	0.0	0.0	0.0	0.0	0.0	0.00046734433	0.0	0.0	0.0	0.0	0.0	0.0	0.0013105306	0.0	0.0	0.0	0.0	0.0
frühesten	0.0	0.0	0.0	0.0	0.0	0.0	0.0	0.00045287304	0.0	0.0	0.0	0.0	0.0	0.0	0.0	0.0	0.0	0.0	0.0	0.0
krug	0.0	0.0	0.0	0.0	0.0	0.0	0.0	0.00045030093	0.0	0.0	0.0	0.0	0.0	0.0	0.0	0.0	0.0	0.0	0.0	0.0
kaufleute	0.0	0.0	0.0	0.0	0.0	0.0	0.0	0.0004468617	0.0	0.0	0.0	0.0	0.0	0.0	0.0	0.0	0.0	0.0	0.0	0.0
fanden	0.0	0.0	0.0	0.0	0.0	0.0	0.0	0.0004438354	0.0	0.0	0.0	0.0	0.0	0.0	0.0	0.0	0.0	0.0	0.0	0.0
geschlechtes	0.0	0.0	0.0	0.0	0.0	0.0	0.0	0.00043745383	0.0	0.0	0.0	0.0	0.0	0.0	0.0	0.0	0.0	0.0	0.0	0.0
braunen	0.0	0.0	0.0	0.0	0.0	0.0	0.0	0.00043503463	0.0	0.0	0.0	0.0	0.0	0.0	0.0	0.0	0.0	0.0	0.0	0.0
gegend	0.0	0.0	0.0	0.0	0.0	0.0	0.0	0.00043146225	0.0	0.0	0.0	0.0	0.0	0.0	0.0	0.0	0.0	0.0	0.0	0.0
ausführung	0.0	0.0	0.0	0.0	0.0	0.0	0.0	0.0004308127	0.0	0.0	0.0	0.0	0.0	0.0	0.0	0.0	0.0005770438	0.0	0.0	0.0
sali	0.0	0.0	0.0	0.0	0.0	0.0	0.0	0.0	0.0029814555	0.0	0.0	0.0	0.0	0.0008964921	0.0	0.0	0.0	0.0	0.0	0.0
weg	0.0	0.0	0.0	0.0	0.0	0.0	0.0	0.0	0.0011774565	0.0	0.0004494043	0.0	0.0	0.0	0.0	0.0	0.0	0.0	0.0	0.0
meßner	0.0	0.0	0.0	0.0	0.0	0.0	0.0	0.0	0.00078116194	0.0	0.0	0.0	0.0	0.0	0.0	0.0	0.0	0.0	0.0	0.0
etwas	0.0	0.0	0.0	0.0	0.0	0.0	0.0	0.0	0.0007447007	0.0	0.0	0.0	0.0	0.0	0.0	0.0	0.0	0.0	0.0	0.0
heute	0.0	0.0	0.0	0.0	0.0	0.0	0.0	0.0	0.0007222859	0.0	0.0	0.0	0.0	0.0	0.0	0.0	0.0	0.0	0.0	0.0
gläser	0.0	0.0	0.0	0.0	0.0	0.0	0.0	0.0	0.00064690737	0.0	0.0	0.0	0.0	0.0	0.0	0.0	0.0	0.0	0.0	0.0
geige	0.0	0.0	0.0	0.0	0.0	0.0	0.0	0.0	0.0006360717	0.0	0.0	0.0	0.0	0.0	0.0	0.0	0.0	0.0	0.0	0.0
deutsche	0.0	0.0	0.0	0.0	0.0	0.0	0.0	0.0	0.00061974814	0.0	0.0	0.0	0.0	0.0005637529	0.0	0.0	0.0	0.0	0.0	0.0
burgele	0.0	0.0	0.0	0.0	0.0	0.0	0.0	0.0	0.00061351625	0.0	0.0	0.0	0.0	0.0	0.0	0.0	0.0	0.0	0.0	0.0
inseln	0.0	0.0	0.0	0.0	0.0	0.0	0.0	0.0	0.00060586695	0.0	0.0	0.0	0.0	0.0	0.0	0.0	0.0	0.0	0.0	0.0
wagen	0.0	0.0	0.0	0.0	0.0	0.0	0.0	0.0	0.0005925479	0.0	0.0	0.0	0.0	0.0	0.0	0.0	0.0	0.0	0.0012047981	0.0
kameraden	0.0	0.0	0.0	0.0	0.0	0.0	0.0	0.0	0.0005897746	0.0	0.0	0.0	0.0	0.0	0.0	0.0	0.0	0.0	0.0	0.0
tanz	0.0	0.0	0.0	0.0	0.0	0.0	0.0	0.0	0.00058876135	0.0	0.0	0.0	0.0	0.0	0.0	0.0	0.0	0.0	0.0	0.0
paar	0.0	0.0	0.0	0.0	0.0	0.0	0.0	0.0	0.0005865338	0.0	0.0	0.0	0.0	0.0	0.0	0.0	0.0	0.0	0.0	0.0
dunklen	0.0	0.0	0.0	0.0	0.0	0.0	0.0	0.0	0.0005863302	0.0	0.0	0.0	0.0	0.0	0.0	0.0	0.0	0.0	0.0	0.0
freunde	0.0	0.0	0.0	0.0	0.0	0.0	0.0	0.0	0.0005671248	0.0	0.0	0.0	0.0	0.0	0.0	0.0	0.0	0.0	0.0	0.0
blickten	0.0	0.0	0.0	0.0	0.0	0.0	0.0	0.0	0.0005651431	0.0	0.0	0.0	0.0	0.0	0.0	0.0	0.0	0.0	0.0	0.0
brücke	0.0	0.0	0.0	0.0	0.0	0.0	0.0	0.0	0.00052987284	0.0	0.0	0.0	0.0	0.0	0.0	0.0	0.0	0.0	0.0	0.0
festen	0.0	0.0	0.0	0.0	0.0	0.0	0.0	0.0	0.000529054	0.0	0.0	0.0	0.0	0.0	0.0	0.0	0.0	0.0	0.0	0.0
dort	0.0	0.0	0.0	0.0	0.0	0.0	0.0	0.0	0.0005236741	0.0	0.0	0.0	0.0	0.0	0.0	0.0	0.00048835773	0.0	0.0	0.0
behaglich	0.0	0.0	0.0	0.0	0.0	0.0	0.0	0.0	0.00049358234	0.0	0.0	0.0	0.0	0.0	0.0	0.0	0.0	0.0	0.0	0.0
charakter	0.0	0.0	0.0	0.0	0.0	0.0	0.0	0.0	0.0004921961	0.0	0.0	0.0	0.00047505833	0.0	0.0	0.0	0.0	0.0	0.00046782056	0.0
häuser	0.0	0.0	0.0	0.0	0.0	0.0	0.0	0.0	0.00049151795	0.0	0.0	0.0	0.0	0.0	0.0	0.0	0.0	0.0	0.0	0.0
grunde	0.0	0.0	0.0	0.0	0.0	0.0	0.0	0.0	0.0004874094	0.0	0.0	0.0	0.0	0.0	0.0	0.0	0.0	0.0	0.0	0.0
sitte	0.0	0.0	0.0	0.0	0.0	0.0	0.0	0.0	0.00048670665	0.0	0.0	0.0	0.0	0.0	0.0	0.0	0.0	0.0	0.0	0.0
schriftsteller	0.0	0.0	0.0	0.0	0.0	0.0	0.0	0.0	0.0004785271	0.0	0.0	0.0	0.0	0.0	0.0	0.0	0.0	0.0	0.0	0.0
chor	0.0	0.0	0.0	0.0	0.0	0.0	0.0	0.0	0.0004775724	0.0	0.0	0.0	0.0	0.0	0.0	0.0	0.0	0.0	0.0	0.0
gruppen	0.0	0.0	0.0	0.0	0.0	0.0	0.0	0.0	0.00047678384	0.0	0.0	0.0	0.0	0.0	0.0	0.0	0.0	0.0	0.0	0.0
geigers	0.0	0.0	0.0	0.0	0.0	0.0	0.0	0.0	0.00047642837	0.0	0.0	0.0	0.0	0.0	0.0	0.0	0.0	0.0	0.0	0.0
stände	0.0	0.0	0.0	0.0	0.0	0.0	0.0	0.0	0.00046407586	0.0	0.0	0.0	0.0	0.0	0.0	0.0	0.0	0.0	0.0	0.0
schwarze	0.0	0.0	0.0	0.0	0.0	0.0	0.0	0.0	0.00046318216	0.0	0.0	0.0	0.0	0.0	0.0	0.0	0.0	0.0007121276	0.0	0.0
schlucht	0.0	0.0	0.0	0.0	0.0	0.0	0.0	0.0	0.0004575224	0.0	0.0	0.0	0.0	0.0	0.0	0.0	0.0	0.0	0.0	0.0
berg	0.0	0.0	0.0	0.0	0.0	0.0	0.0	0.0	0.00045716277	0.0	0.0005019852	0.0	0.0	0.0	0.0	0.0	0.0	0.0	0.0	0.0
welsche	0.0	0.0	0.0	0.0	0.0	0.0	0.0	0.0	0.00045408096	0.0	0.0	0.0	0.0	0.0	0.0	0.0	0.0	0.0	0.0	0.0
eisenbahn	0.0	0.0	0.0	0.0	0.0	0.0	0.0	0.0	0.0004531345	0.0	0.0	0.0	0.0	0.0	0.0	0.0	0.0	0.0	0.0	0.0
spiel	0.0	0.0	0.0	0.0	0.0	0.0	0.0	0.0	0.00045298808	0.0	0.0	0.0	0.0	0.0	0.0	0.0	0.0	0.0	0.0	0.0
chef	0.0	0.0	0.0	0.0	0.0	0.0	0.0	0.0	0.00045265717	0.0	0.0	0.0	0.0	0.0	0.0	0.0	0.0	0.0	0.0	0.0
terrasse	0.0	0.0	0.0	0.0	0.0	0.0	0.0	0.0	0.00044882682	0.0	0.0	0.0	0.0	0.0	0.0	0.0	0.0	0.0	0.0	0.0
manch	0.0	0.0	0.0	0.0	0.0	0.0	0.0	0.0	0.0	0.0012624117	0.0	0.0	0.00082478585	0.0	0.0	0.0	0.0	0.0	0.0	0.0
körper	0.0	0.0	0.0	0.0	0.0	0.0	0.0	0.0	0.0	0.0010097304	0.0	0.0	0.0	0.0	0.0	0.0	0.0	0.0	0.0	0.0
streit	0.0	0.0	0.0	0.0	0.0	0.0	0.0	0.0	0.0	0.0009712812	0.0	0.0	0.0	0.0	0.0	0.0	0.0	0.0	0.0	0.0
arbeit	0.0	0.0	0.0	0.0	0.0	0.0	0.0	0.0	0.0	0.0009013771	0.0	0.0	0.0	0.0	0.0	0.0	0.0	0.0	0.0	0.0
gewissen	0.0	0.0	0.0	0.0	0.0	0.0	0.0	0.0	0.0	0.00084392185	0.0	0.0	0.0	0.0	0.0	0.0	0.0	0.0	0.0	0.0
tranken	0.0	0.0	0.0	0.0	0.0	0.0	0.0	0.0	0.0	0.00079521403	0.0	0.0	0.0	0.0	0.0	0.0	0.0	0.0	0.0	0.0
werl	0.0	0.0	0.0	0.0	0.0	0.0	0.0	0.0	0.0	0.0007795089	0.0	0.0	0.0	0.0	0.0	0.0	0.0	0.0	0.0	0.00058481237
senator	0.0	0.0	0.0	0.0	0.0	0.0	0.0	0.0	0.0	0.00074414245	0.0	0.0	0.0	0.0	0.0	0.0	0.0	0.0	0.0	0.0
croix	0.0	0.0	0.0	0.0	0.0	0.0	0.0	0.0	0.0	0.00067866995	0.0	0.0	0.0	0.0	0.0	0.0	0.0	0.0	0.0	0.0
wein	0.0	0.0	0.0	0.0	0.0	0.0	0.0	0.0	0.0	0.00067809183	0.0	0.0	0.0	0.0	0.0	0.0	0.0	0.0	0.0	0.0
judas	0.0	0.0	0.0	0.0	0.0	0.0	0.0	0.0	0.0	0.00065638893	0.0	0.0	0.0	0.0	0.0	0.0	0.0	0.0	0.0	0.0
unglücklichen	0.0	0.0	0.0	0.0	0.0	0.0	0.0	0.0	0.0	0.0006234897	0.0	0.0	0.0	0.0	0.0	0.0	0.0	0.0	0.0	0.0
herren	0.0	0.0	0.0	0.0	0.0	0.0	0.0	0.0	0.0	0.00057098584	0.0	0.0	0.0	0.0	0.0	0.0	0.0	0.0	0.0	0.0
eber	0.0	0.0	0.0	0.0	0.0	0.0	0.0	0.0	0.0	0.0005624737	0.0	0.0	0.0	0.0	0.0	0.0	0.0	0.0	0.0	0.0
haupt	0.0	0.0	0.0	0.0	0.0	0.0	0.0	0.0	0.0	0.00056039984	0.0	0.0	0.0	0.0	0.0	0.0	0.0	0.0	0.0	0.0
liebhaber	0.0	0.0	0.0	0.0	0.0	0.0	0.0	0.0	0.0	0.0005535597	0.0	0.0	0.0	0.0	0.0	0.0	0.0	0.0	0.0	0.0
römer	0.0	0.0	0.0	0.0	0.0	0.0	0.0	0.0	0.0	0.0005401842	0.0	0.0	0.00051846134	0.0	0.0	0.0	0.0	0.0	0.0	0.0
doktor	0.0	0.0	0.0	0.0	0.0	0.0	0.0	0.0	0.0	0.0005313543	0.0	0.0	0.0	0.0	0.0	0.0	0.0	0.0	0.0	0.0
bedauern	0.0	0.0	0.0	0.0	0.0	0.0	0.0	0.0	0.0	0.0005277878	0.0	0.0	0.0	0.0	0.0	0.0	0.0	0.0	0.0	0.0
getrunken	0.0	0.0	0.0	0.0	0.0	0.0	0.0	0.0	0.0	0.00052315736	0.0	0.0	0.0	0.0	0.0	0.0	0.0	0.0	0.0	0.0
gebiete	0.0	0.0	0.0	0.0	0.0	0.0	0.0	0.0	0.0	0.0005016165	0.0	0.0	0.0	0.0	0.0	0.0	0.0	0.0	0.0	0.0
gebrauch	0.0	0.0	0.0	0.0	0.0	0.0	0.0	0.0	0.0	0.00049739145	0.0	0.0	0.0	0.0	0.0	0.0	0.0	0.0	0.0	0.0
wunderbaren	0.0	0.0	0.0	0.0	0.0	0.0	0.0	0.0	0.0	0.00048183202	0.0	0.0	0.0	0.0	0.0	0.0	0.0	0.0	0.0	0.0
gattin	0.0	0.0	0.0	0.0	0.0	0.0	0.0	0.0	0.0	0.0004683988	0.0	0.0	0.0	0.0	0.0	0.0	0.0	0.0	0.0	0.0
sidonie	0.0	0.0	0.0	0.0	0.0	0.0	0.0	0.0	0.0	0.0004624559	0.0	0.0	0.0	0.00081486354	0.0	0.0	0.0	0.0	0.0	0.0
schwäger	0.0	0.0	0.0	0.0	0.0	0.0	0.0	0.0	0.0	0.00045041004	0.0	0.0	0.0	0.0	0.0	0.0	0.0	0.0	0.0	0.0
klause	0.0	0.0	0.0	0.0	0.0	0.0	0.0	0.0	0.0	0.0004503727	0.0	0.0	0.0	0.0	0.0	0.0	0.0	0.0	0.0	0.0
sainte	0.0	0.0	0.0	0.0	0.0	0.0	0.0	0.0	0.0	0.00045035995	0.0	0.0	0.0	0.0	0.0	0.0	0.0	0.0	0.0	0.0
lawine	0.0	0.0	0.0	0.0	0.0	0.0	0.0	0.0	0.0	0.0004502087	0.0	0.0	0.0	0.0	0.0	0.0	0.0	0.0	0.0	0.0
heerfahrt	0.0	0.0	0.0	0.0	0.0	0.0	0.0	0.0	0.0	0.00044963227	0.0	0.0	0.0	0.0	0.0	0.0	0.0	0.0	0.0	0.0
klotz	0.0	0.0	0.0	0.0	0.0	0.0	0.0	0.0	0.0	0.00044963227	0.0	0.0	0.0	0.0	0.0	0.0	0.0	0.0	0.0	0.0
vereinigen	0.0	0.0	0.0	0.0	0.0	0.0	0.0	0.0	0.0	0.00044943558	0.0	0.0	0.0	0.0	0.0	0.0	0.0	0.0	0.0	0.0
senat	0.0	0.0	0.0	0.0	0.0	0.0	0.0	0.0	0.0	0.0004492763	0.0	0.0	0.0	0.0	0.0	0.0	0.0	0.0	0.0	0.0
ausgeübt	0.0	0.0	0.0	0.0	0.0	0.0	0.0	0.0	0.0	0.0004489471	0.0	0.0	0.0	0.0	0.0	0.0	0.0	0.0	0.0	0.0
sonderbares	0.0	0.0	0.0	0.0	0.0	0.0	0.0	0.0	0.0	0.00044892705	0.0	0.0	0.0	0.0	0.0	0.0	0.0	0.0	0.0	0.0
salmenfischer	0.0	0.0	0.0	0.0	0.0	0.0	0.0	0.0	0.0	0.00044881194	0.0	0.0	0.0	0.0	0.0	0.0	0.0	0.0	0.0	0.0
gemüther	0.0	0.0	0.0	0.0	0.0	0.0	0.0	0.0	0.0	0.00044695588	0.0	0.0	0.0	0.0	0.0	0.0	0.0	0.0	0.00047718963	0.0
unerträglicher	0.0	0.0	0.0	0.0	0.0	0.0	0.0	0.0	0.0	0.0004463525	0.0	0.0	0.0	0.0	0.0	0.0	0.0	0.0	0.0	0.0
krokus	0.0	0.0	0.0	0.0	0.0	0.0	0.0	0.0	0.0	0.0004453082	0.0	0.0	0.0	0.0	0.0	0.0	0.0	0.0	0.0	0.0
köpfen	0.0	0.0	0.0	0.0	0.0	0.0	0.0	0.0	0.0	0.00044442582	0.0	0.0	0.0	0.0	0.0	0.0	0.0	0.0	0.0	0.0
hauptmann	0.0	0.0	0.0	0.0	0.0	0.0	0.0	0.0	0.0	0.00044283687	0.0	0.0	0.0	0.0	0.0	0.0	0.0	0.0012698821	0.0	0.0
frösteln	0.0	0.0	0.0	0.0	0.0	0.0	0.0	0.0	0.0	0.0004389628	0.0	0.0	0.0	0.0	0.0	0.0	0.0	0.0	0.0	0.0
lieutnanten	0.0	0.0	0.0	0.0	0.0	0.0	0.0	0.0	0.0	0.0004325955	0.0	0.0	0.0	0.0	0.0	0.0	0.0	0.0	0.0	0.0
ironischen	0.0	0.0	0.0	0.0	0.0	0.0	0.0	0.0	0.0	0.0004291305	0.0	0.0	0.0	0.0	0.0	0.0	0.0	0.0	0.0	0.0
armee	0.0	0.0	0.0	0.0	0.0	0.0	0.0	0.0	0.0	0.00042904468	0.0	0.0	0.0	0.0	0.0	0.0	0.0	0.0	0.0	0.0
gustav	0.0	0.0	0.0	0.0	0.0	0.0	0.0	0.0	0.0	0.00042793053	0.0	0.0	0.0	0.0	0.0	0.0	0.0	0.0	0.0	0.0
vermittler	0.0	0.0	0.0	0.0	0.0	0.0	0.0	0.0	0.0	0.00042322004	0.0	0.0	0.0	0.0	0.0	0.0	0.0	0.0	0.0	0.0
sagt	0.0	0.0	0.0	0.0	0.0	0.0	0.0	0.0	0.0	0.0	0.00082668517	0.0	0.0	0.0	0.0	0.0	0.0	0.0	0.0	0.0
bittschrift	0.0	0.0	0.0	0.0	0.0	0.0	0.0	0.0	0.0	0.0	0.0007860124	0.0	0.0	0.0	0.0	0.0	0.0	0.0	0.0	0.0
darf	0.0	0.0	0.0	0.0	0.0	0.0	0.0	0.0	0.0	0.0	0.0007664662	0.0	0.0	0.0	0.0	0.0	0.0	0.0	0.0	0.0
herzog	0.0	0.0	0.0	0.0	0.0	0.0	0.0	0.0	0.0	0.0	0.00075734046	0.0	0.0	0.0	0.0	0.0	0.0	0.0008931813	0.0	0.0
griechen	0.0	0.0	0.0	0.0	0.0	0.0	0.0	0.0	0.0	0.0	0.00073812023	0.0	0.0	0.0	0.0	0.0	0.0	0.0	0.0	0.0
magd	0.0	0.0	0.0	0.0	0.0	0.0	0.0	0.0	0.0	0.0	0.000706201	0.0	0.0	0.0	0.0	0.0	0.0	0.0	0.0	0.0
gehe	0.0	0.0	0.0	0.0	0.0	0.0	0.0	0.0	0.0	0.0	0.00067550555	0.0	0.0	0.0	0.0	0.0	0.0	0.0	0.0	0.0
brave	0.0	0.0	0.0	0.0	0.0	0.0	0.0	0.0	0.0	0.0	0.00059715495	0.0	0.0	0.0	0.0	0.0	0.0	0.0	0.0	0.0
einige	0.0	0.0	0.0	0.0	0.0	0.0	0.0	0.0	0.0	0.0	0.0005960469	0.0	0.0	0.0	0.0	0.0	0.0	0.0	0.0	0.0
wißt	0.0	0.0	0.0	0.0	0.0	0.0	0.0	0.0	0.0	0.0	0.0005885195	0.0	0.0	0.0	0.0	0.0	0.0	0.0	0.0	0.0
sage	0.0	0.0	0.0	0.0	0.0	0.0	0.0	0.0	0.0	0.0	0.0005665271	0.0	0.0	0.0	0.0	0.0	0.0	0.0	0.0	0.0
versteht	0.0	0.0	0.0	0.0	0.0	0.0	0.0	0.0	0.0	0.0	0.00056159805	0.0	0.0	0.0	0.0	0.0	0.0	0.0	0.0	0.0
geht	0.0	0.0	0.0	0.0	0.0	0.0	0.0	0.0	0.0	0.0	0.00055714656	0.0	0.0	0.0	0.0	0.0	0.0	0.0	0.0	0.0
kommt	0.0	0.0	0.0	0.0	0.0	0.0	0.0	0.0	0.0	0.0	0.0005561816	0.0	0.0	0.0	0.0	0.0	0.0	0.0	0.0	0.0
jahrmarkt	0.0	0.0	0.0	0.0	0.0	0.0	0.0	0.0	0.0	0.0	0.0005555269	0.0	0.0	0.0	0.0	0.0	0.0	0.0	0.0	0.0
papa	0.0	0.0	0.0	0.0	0.0	0.0	0.0	0.0	0.0	0.0	0.00054137403	0.0	0.0	0.0	0.0	0.0	0.0	0.0020509695	0.0	0.0
gibt	0.0	0.0	0.0	0.0	0.0	0.0	0.0	0.0	0.0	0.0	0.0005277726	0.0	0.0	0.0	0.0	0.0	0.0	0.0	0.0	0.0
wittwe	0.0	0.0	0.0	0.0	0.0	0.0	0.0	0.0	0.0	0.0	0.00052261096	0.0008933747	0.0	0.0	0.0	0.0	0.0	0.0	0.0	0.0
beten	0.0	0.0	0.0	0.0	0.0	0.0	0.0	0.0	0.0	0.0	0.00052014075	0.0	0.0	0.0	0.0	0.0	0.0	0.0	0.0	0.0
cassandra	0.0	0.0	0.0	0.0	0.0	0.0	0.0	0.0	0.0	0.0	0.0005175002	0.0	0.0	0.0	0.0	0.0	0.0	0.0	0.0	0.0
einzeln	0.0	0.0	0.0	0.0	0.0	0.0	0.0	0.0	0.0	0.0	0.0005151992	0.0	0.0	0.0	0.0	0.0	0.0	0.0	0.0	0.0
geleitet	0.0	0.0	0.0	0.0	0.0	0.0	0.0	0.0	0.0	0.0	0.0005126234	0.0	0.0	0.0	0.0	0.0	0.0	0.0	0.0	0.0
todten	0.0	0.0	0.0	0.0	0.0	0.0	0.0	0.0	0.0	0.0	0.00051043765	0.0	0.0	0.0	0.0	0.0	0.0	0.0011591635	0.0	0.0
mühlen	0.0	0.0	0.0	0.0	0.0	0.0	0.0	0.0	0.0	0.0	0.00050302426	0.0	0.0	0.0	0.0	0.0	0.0	0.0	0.0	0.0
juden	0.0	0.0	0.0	0.0	0.0	0.0	0.0	0.0	0.0	0.0	0.0004942416	0.0	0.0	0.0	0.0	0.0	0.0	0.0	0.0	0.0
ergriffen	0.0	0.0	0.0	0.0	0.0	0.0	0.0	0.0	0.0	0.0	0.00048806585	0.0	0.0	0.0	0.0	0.0	0.0	0.0	0.0	0.0
minder	0.0	0.0	0.0	0.0	0.0	0.0	0.0	0.0	0.0	0.0	0.00048374396	0.00046711904	0.0	0.0	0.0	0.0	0.0	0.0	0.0	0.0
haltet	0.0	0.0	0.0	0.0	0.0	0.0	0.0	0.0	0.0	0.0	0.00047979155	0.0	0.0	0.0	0.0	0.0	0.0	0.0	0.0	0.0
hexe	0.0	0.0	0.0	0.0	0.0	0.0	0.0	0.0	0.0	0.0	0.0004764124	0.0	0.0	0.0	0.0	0.0	0.0	0.0	0.0	0.0
hieß	0.0	0.0	0.0	0.0	0.0	0.0	0.0	0.0	0.0	0.0	0.00046946984	0.0	0.0	0.0	0.0	0.0	0.0	0.0	0.0	0.0
anliegen	0.0	0.0	0.0	0.0	0.0	0.0	0.0	0.0	0.0	0.0	0.00045902983	0.0	0.0	0.0	0.0	0.0	0.0	0.0	0.0	0.0
stelle	0.0	0.0	0.0	0.0	0.0	0.0	0.0	0.0	0.0	0.0	0.00045663348	0.0	0.0	0.0	0.0	0.0	0.0	0.0	0.0	0.0
mühle	0.0	0.0	0.0	0.0	0.0	0.0	0.0	0.0	0.0	0.0	0.0004563573	0.0	0.0	0.0	0.0	0.0	0.0	0.0	0.0	0.0
buben	0.0	0.0	0.0	0.0	0.0	0.0	0.0	0.0	0.0	0.0	0.00045543115	0.0	0.0	0.0	0.0	0.0	0.0	0.0	0.0	0.0
sohn	0.0	0.0	0.0	0.0	0.0	0.0	0.0	0.0	0.0	0.0	0.00045017694	0.0	0.0	0.0	0.0	0.0	0.0	0.0	0.0	0.0
vermögen	0.0	0.0	0.0	0.0	0.0	0.0	0.0	0.0	0.0	0.0	0.0004457007	0.0	0.0	0.0	0.0	0.0	0.0	0.0	0.0	0.0
küsterei	0.0	0.0	0.0	0.0	0.0	0.0	0.0	0.0	0.0	0.0	0.0	0.0021052177	0.0	0.0	0.0	0.0	0.0	0.0	0.0	0.0
namen	0.0	0.0	0.0	0.0	0.0	0.0	0.0	0.0	0.0	0.0	0.0	0.0016830721	0.0	0.0	0.0	0.0	0.0	0.0005158496	0.0	0.0
schwägerin	0.0	0.0	0.0	0.0	0.0	0.0	0.0	0.0	0.0	0.0	0.0	0.00092353864	0.0	0.0	0.0	0.0	0.0	0.0	0.0	0.0
sieht	0.0	0.0	0.0	0.0	0.0	0.0	0.0	0.0	0.0	0.0	0.0	0.00092217285	0.0	0.0	0.0	0.0	0.0	0.0	0.0	0.0
monseigneur	0.0	0.0	0.0	0.0	0.0	0.0	0.0	0.0	0.0	0.0	0.0	0.00090018235	0.0	0.0	0.0	0.0	0.0	0.0	0.0	0.0
schreibers	0.0	0.0	0.0	0.0	0.0	0.0	0.0	0.0	0.0	0.0	0.0	0.0008964615	0.0	0.0	0.0	0.0	0.0	0.0	0.0	0.0
balg	0.0	0.0	0.0	0.0	0.0	0.0	0.0	0.0	0.0	0.0	0.0	0.0008182172	0.0	0.0	0.0	0.0	0.0	0.0	0.0	0.0
tubus	0.0	0.0	0.0	0.0	0.0	0.0	0.0	0.0	0.0	0.0	0.0	0.0008152023	0.00058854045	0.0	0.0	0.0	0.0	0.0	0.0	0.0
weise	0.0	0.0	0.0	0.0	0.0	0.0	0.0	0.0	0.0	0.0	0.0	0.0007809531	0.0	0.0	0.0	0.0	0.0	0.0	0.0	0.0
hanepich	0.0	0.0	0.0	0.0	0.0	0.0	0.0	0.0	0.0	0.0	0.0	0.0006678833	0.0	0.0	0.0	0.0	0.0	0.0	0.0	0.0
excellenz	0.0	0.0	0.0	0.0	0.0	0.0	0.0	0.0	0.0	0.0	0.0	0.0006148982	0.0	0.0	0.0	0.0	0.0	0.0	0.0	0.0
wolfenbütteler	0.0	0.0	0.0	0.0	0.0	0.0	0.0	0.0	0.0	0.0	0.0	0.0006133207	0.0	0.0	0.0	0.0	0.0	0.0	0.0	0.0
keller	0.0	0.0	0.0	0.0	0.0	0.0	0.0	0.0	0.0	0.0	0.0	0.000599764	0.0	0.0	0.0	0.0	0.0	0.0	0.0	0.0
schöpfen	0.0	0.0	0.0	0.0	0.0	0.0	0.0	0.0	0.0	0.0	0.0	0.00058527	0.0	0.0	0.0	0.0	0.0	0.0	0.0	0.0
ghetto	0.0	0.0	0.0	0.0	0.0	0.0	0.0	0.0	0.0	0.0	0.0	0.0005756806	0.0	0.0	0.0	0.0	0.0	0.0	0.0	0.0
schlangenkönigin	0.0	0.0	0.0	0.0	0.0	0.0	0.0	0.0	0.0	0.0	0.0	0.00054940715	0.0	0.0	0.0	0.0	0.0	0.0	0.0	0.0
holen	0.0	0.0	0.0	0.0	0.0	0.0	0.0	0.0	0.0	0.0	0.0	0.000543854	0.0	0.0	0.0	0.0	0.0	0.0	0.0	0.0
vorgänger	0.0	0.0	0.0	0.0	0.0	0.0	0.0	0.0	0.0	0.0	0.0	0.0005428662	0.0	0.0	0.0	0.0	0.0	0.0	0.0	0.0
feierlich	0.0	0.0	0.0	0.0	0.0	0.0	0.0	0.0	0.0	0.0	0.0	0.0005400578	0.0	0.0	0.0	0.0	0.0	0.0	0.0	0.0
heimlichen	0.0	0.0	0.0	0.0	0.0	0.0	0.0	0.0	0.0	0.0	0.0	0.00053218554	0.0	0.0	0.0	0.0	0.0	0.0	0.0	0.0
bildete	0.0	0.0	0.0	0.0	0.0	0.0	0.0	0.0	0.0	0.0	0.0	0.0005278006	0.0	0.0	0.0	0.0	0.0	0.0	0.0	0.0
nee	0.0	0.0	0.0	0.0	0.0	0.0	0.0	0.0	0.0	0.0	0.0	0.00051326206	0.0	0.0	0.0	0.0	0.0	0.0	0.0	0.0
kleie	0.0	0.0	0.0	0.0	0.0	0.0	0.0	0.0	0.0	0.0	0.0	0.0005130844	0.0	0.0	0.0	0.0	0.0	0.0	0.0	0.0
gräßlicher	0.0	0.0	0.0	0.0	0.0	0.0	0.0	0.0	0.0	0.0	0.0	0.0005115898	0.0	0.0	0.0	0.0	0.0	0.0	0.0	0.0
frischer	0.0	0.0	0.0	0.0	0.0	0.0	0.0	0.0	0.0	0.0	0.0	0.00051119406	0.0	0.0	0.0	0.0	0.0	0.0	0.0	0.0
puppe	0.0	0.0	0.0	0.0	0.0	0.0	0.0	0.0	0.0	0.0	0.0	0.0005100855	0.0	0.0	0.0	0.0	0.0	0.0	0.0	0.0
ebene	0.0	0.0	0.0	0.0	0.0	0.0	0.0	0.0	0.0	0.0	0.0	0.0005065209	0.0	0.0	0.0	0.0	0.0	0.0	0.0	0.0
sitzen	0.0	0.0	0.0	0.0	0.0	0.0	0.0	0.0	0.0	0.0	0.0	0.0005050539	0.0	0.0	0.0	0.0	0.0	0.0	0.0	0.0
dincklage	0.0	0.0	0.0	0.0	0.0	0.0	0.0	0.0	0.0	0.0	0.0	0.0005033879	0.0	0.0	0.0	0.0	0.0	0.0	0.0	0.0
behalten	0.0	0.0	0.0	0.0	0.0	0.0	0.0	0.0	0.0	0.0	0.0	0.00050300296	0.0	0.0	0.0	0.0	0.0	0.0	0.0	0.0
seligen	0.0	0.0	0.0	0.0	0.0	0.0	0.0	0.0	0.0	0.0	0.0	0.00049750064	0.0	0.0	0.0	0.0	0.0	0.0	0.0	0.0
zuhörerin	0.0	0.0	0.0	0.0	0.0	0.0	0.0	0.0	0.0	0.0	0.0	0.00049491244	0.0	0.0	0.0	0.0	0.0	0.0	0.0	0.0
kindern	0.0	0.0	0.0	0.0	0.0	0.0	0.0	0.0	0.0	0.0	0.0	0.00048754647	0.0	0.0	0.0	0.0	0.0	0.0	0.0	0.0
dache	0.0	0.0	0.0	0.0	0.0	0.0	0.0	0.0	0.0	0.0	0.0	0.00048274617	0.0	0.0	0.0	0.0	0.0	0.0	0.0	0.0
fliege	0.0	0.0	0.0	0.0	0.0	0.0	0.0	0.0	0.0	0.0	0.0	0.0004825197	0.0	0.0	0.0	0.0	0.0	0.0	0.0	0.0
erbin	0.0	0.0	0.0	0.0	0.0	0.0	0.0	0.0	0.0	0.0	0.0	0.00047908718	0.0	0.0	0.0	0.0	0.0	0.0	0.0	0.0
pfarrers	0.0	0.0	0.0	0.0	0.0	0.0	0.0	0.0	0.0	0.0	0.0	0.0004706969	0.0	0.0	0.0	0.0	0.0	0.0	0.0	0.0
hinterstübchen	0.0	0.0	0.0	0.0	0.0	0.0	0.0	0.0	0.0	0.0	0.0	0.0004599291	0.0	0.0	0.0	0.0	0.0	0.0	0.0	0.0
kahlköpfe	0.0	0.0	0.0	0.0	0.0	0.0	0.0	0.0	0.0	0.0	0.0	0.00045845055	0.0	0.0	0.0	0.0	0.0	0.0	0.0	0.0
trab	0.0	0.0	0.0	0.0	0.0	0.0	0.0	0.0	0.0	0.0	0.0	0.0	0.0012198276	0.0	0.0	0.0	0.0	0.0	0.0	0.0
nöt	0.0	0.0	0.0	0.0	0.0	0.0	0.0	0.0	0.0	0.0	0.0	0.0	0.0009159487	0.0	0.0	0.0	0.0	0.0	0.0	0.0
dame	0.0	0.0	0.0	0.0	0.0	0.0	0.0	0.0	0.0	0.0	0.0	0.0	0.0007701772	0.0	0.0	0.0	0.0	0.0	0.0	0.0
erzählung	0.0	0.0	0.0	0.0	0.0	0.0	0.0	0.0	0.0	0.0	0.0	0.0	0.0007637547	0.0	0.004324766	0.0	0.0	0.0	0.0	0.0
turner	0.0	0.0	0.0	0.0	0.0	0.0	0.0	0.0	0.0	0.0	0.0	0.0	0.00075812096	0.0	0.0	0.0	0.0	0.0	0.0	0.0
musik	0.0	0.0	0.0	0.0	0.0	0.0	0.0	0.0	0.0	0.0	0.0	0.0	0.0007304318	0.0	0.0	0.0	0.0	0.0	0.0	0.0
geschildert	0.0	0.0	0.0	0.0	0.0	0.0	0.0	0.0	0.0	0.0	0.0	0.0	0.0007219928	0.0	0.0	0.0	0.0	0.0	0.0	0.0
glümer	0.0	0.0	0.0	0.0	0.0	0.0	0.0	0.0	0.0	0.0	0.0	0.0	0.00068765634	0.0	0.0	0.0	0.0	0.0	0.0	0.0
schöffe	0.0	0.0	0.0	0.0	0.0	0.0	0.0	0.0	0.0	0.0	0.0	0.0	0.00067685853	0.0	0.0	0.0	0.0	0.0	0.0	0.0
grade	0.0	0.0	0.0	0.0	0.0	0.0	0.0	0.0	0.0	0.0	0.0	0.0	0.00062934076	0.0	0.0	0.0	0.0	0.0	0.0	0.0
schwert	0.0	0.0	0.0	0.0	0.0	0.0	0.0	0.0	0.0	0.0	0.0	0.0	0.0006272054	0.0	0.0	0.0	0.0	0.0	0.0	0.0
frauen	0.0	0.0	0.0	0.0	0.0	0.0	0.0	0.0	0.0	0.0	0.0	0.0	0.0006113064	0.0	0.0	0.0	0.0	0.0	0.0	0.0
schrecklichen	0.0	0.0	0.0	0.0	0.0	0.0	0.0	0.0	0.0	0.0	0.0	0.0	0.0006020308	0.0	0.0	0.0	0.0	0.0	0.0	0.0
beschreiben	0.0	0.0	0.0	0.0	0.0	0.0	0.0	0.0	0.0	0.0	0.0	0.0	0.0005904574	0.0	0.0	0.0	0.0	0.0	0.0	0.0
geheule	0.0	0.0	0.0	0.0	0.0	0.0	0.0	0.0	0.0	0.0	0.0	0.0	0.000574417	0.0	0.0	0.0	0.0	0.0	0.0	0.0
stawitz	0.0	0.0	0.0	0.0	0.0	0.0	0.0	0.0	0.0	0.0	0.0	0.0	0.00057377573	0.0	0.0	0.0	0.0	0.0	0.0	0.0
consequenz	0.0	0.0	0.0	0.0	0.0	0.0	0.0	0.0	0.0	0.0	0.0	0.0	0.000573482	0.0	0.0	0.0	0.0	0.0	0.0	0.0
wollten	0.0	0.0	0.0	0.0	0.0	0.0	0.0	0.0	0.0	0.0	0.0	0.0	0.0005728139	0.0	0.0	0.0	0.0	0.0	0.0	0.0
attachement	0.0	0.0	0.0	0.0	0.0	0.0	0.0	0.0	0.0	0.0	0.0	0.0	0.0005684839	0.0	0.0	0.0	0.0	0.0	0.0	0.0
wolf	0.0	0.0	0.0	0.0	0.0	0.0	0.0	0.0	0.0	0.0	0.0	0.0	0.0005638619	0.0	0.0	0.0	0.0	0.0	0.0	0.0
verschlossen	0.0	0.0	0.0	0.0	0.0	0.0	0.0	0.0	0.0	0.0	0.0	0.0	0.0005525319	0.0	0.0	0.0	0.0	0.0	0.0	0.0
predigt	0.0	0.0	0.0	0.0	0.0	0.0	0.0	0.0	0.0	0.0	0.0	0.0	0.00054958666	0.0	0.0	0.0	0.0	0.0	0.0	0.0
erinnerungen	0.0	0.0	0.0	0.0	0.0	0.0	0.0	0.0	0.0	0.0	0.0	0.0	0.00054137595	0.0	0.0	0.0	0.0	0.0	0.0	0.0
geboren	0.0	0.0	0.0	0.0	0.0	0.0	0.0	0.0	0.0	0.0	0.0	0.0	0.00053762086	0.0	0.0043193907	0.0	0.0	0.0	0.0	0.0
freiheit	0.0	0.0	0.0	0.0	0.0	0.0	0.0	0.0	0.0	0.0	0.0	0.0	0.0005184053	0.0	0.0	0.0	0.0	0.0	0.0	0.0
lernen	0.0	0.0	0.0	0.0	0.0	0.0	0.0	0.0	0.0	0.0	0.0	0.0	0.00050781143	0.0	0.0	0.0	0.0	0.0	0.0	0.0
alter	0.0	0.0	0.0	0.0	0.0	0.0	0.0	0.0	0.0	0.0	0.0	0.0	0.0005047798	0.0	0.0	0.0	0.0	0.0	0.0	0.0
gelungen	0.0	0.0	0.0	0.0	0.0	0.0	0.0	0.0	0.0	0.0	0.0	0.0	0.0004994234	0.0	0.0	0.0	0.0	0.0	0.0	0.0
kasten	0.0	0.0	0.0	0.0	0.0	0.0	0.0	0.0	0.0	0.0	0.0	0.0	0.00049181824	0.0	0.0	0.0	0.0	0.0	0.0	0.0
claire	0.0	0.0	0.0	0.0	0.0	0.0	0.0	0.0	0.0	0.0	0.0	0.0	0.00046060275	0.0	0.0	0.0	0.0	0.0	0.0	0.0
juristen	0.0	0.0	0.0	0.0	0.0	0.0	0.0	0.0	0.0	0.0	0.0	0.0	0.00046047918	0.0	0.0	0.0	0.0	0.0	0.0	0.0
auftrage	0.0	0.0	0.0	0.0	0.0	0.0	0.0	0.0	0.0	0.0	0.0	0.0	0.00046031992	0.0	0.0	0.0	0.0	0.0	0.0	0.0
literarische	0.0	0.0	0.0	0.0	0.0	0.0	0.0	0.0	0.0	0.0	0.0	0.0	0.00045984986	0.0	0.0	0.0	0.0	0.0	0.0	0.0
note	0.0	0.0	0.0	0.0	0.0	0.0	0.0	0.0	0.0	0.0	0.0	0.0	0.00045962073	0.0	0.0	0.0	0.0	0.0	0.0	0.0
erscheint	0.0	0.0	0.0	0.0	0.0	0.0	0.0	0.0	0.0	0.0	0.0	0.0	0.00045943246	0.0	0.0	0.0	0.0	0.0	0.0	0.0
traume	0.0	0.0	0.0	0.0	0.0	0.0	0.0	0.0	0.0	0.0	0.0	0.0	0.00045794432	0.0	0.0	0.0	0.0	0.0	0.0	0.0
pension	0.0	0.0	0.0	0.0	0.0	0.0	0.0	0.0	0.0	0.0	0.0	0.0	0.00045726539	0.0	0.0	0.0	0.0	0.0	0.0	0.0
stammt	0.0	0.0	0.0	0.0	0.0	0.0	0.0	0.0	0.0	0.0	0.0	0.0	0.00045570114	0.0	0.0	0.0	0.0	0.0	0.0	0.0
untersuchung	0.0	0.0	0.0	0.0	0.0	0.0	0.0	0.0	0.0	0.0	0.0	0.0	0.0004513329	0.0	0.0	0.0	0.0	0.0	0.0	0.0
major	0.0	0.0	0.0	0.0	0.0	0.0	0.0	0.0	0.0	0.0	0.0	0.0	0.0	0.001405327	0.0	0.0	0.0	0.0	0.0	0.0
rumohr	0.0	0.0	0.0	0.0	0.0	0.0	0.0	0.0	0.0	0.0	0.0	0.0	0.0	0.0013512388	0.0	0.0	0.0	0.0	0.0	0.0
haide	0.0	0.0	0.0	0.0	0.0	0.0	0.0	0.0	0.0	0.0	0.0	0.0	0.0	0.0011643567	0.0	0.0	0.0	0.0	0.0	0.0
pythagoras	0.0	0.0	0.0	0.0	0.0	0.0	0.0	0.0	0.0	0.0	0.0	0.0	0.0	0.0010446069	0.0	0.0	0.0	0.0	0.0	0.0
wild	0.0	0.0	0.0	0.0	0.0	0.0	0.0	0.0	0.0	0.0	0.0	0.0	0.0	0.00078393874	0.0	0.0	0.0	0.0	0.0	0.0
versammlung	0.0	0.0	0.0	0.0	0.0	0.0	0.0	0.0	0.0	0.0	0.0	0.0	0.0	0.0007537076	0.0	0.0	0.0	0.0	0.0	0.0
cultur	0.0	0.0	0.0	0.0	0.0	0.0	0.0	0.0	0.0	0.0	0.0	0.0	0.0	0.0007488193	0.0	0.0	0.0	0.0	0.0	0.0
ritt	0.0	0.0	0.0	0.0	0.0	0.0	0.0	0.0	0.0	0.0	0.0	0.0	0.0	0.0007286206	0.0	0.0	0.0	0.0	0.0	0.0
persönliche	0.0	0.0	0.0	0.0	0.0	0.0	0.0	0.0	0.0	0.0	0.0	0.0	0.0	0.0006547293	0.0	0.0	0.0	0.0	0.0	0.0
zahl	0.0	0.0	0.0	0.0	0.0	0.0	0.0	0.0	0.0	0.0	0.0	0.0	0.0	0.00061834353	0.0	0.0	0.0	0.0	0.0	0.0
schlemihl	0.0	0.0	0.0	0.0	0.0	0.0	0.0	0.0	0.0	0.0	0.0	0.0	0.0	0.0006044944	0.0	0.0	0.0	0.0	0.0	0.0
wichert	0.0	0.0	0.0	0.0	0.0	0.0	0.0	0.0	0.0	0.0	0.0	0.0	0.0	0.0006038753	0.0	0.0	0.0	0.0	0.0	0.0
gattung	0.0	0.0	0.0	0.0	0.0	0.0	0.0	0.0	0.0	0.0	0.0	0.0	0.0	0.0006021649	0.0	0.0	0.0	0.0	0.0	0.0
zwecke	0.0	0.0	0.0	0.0	0.0	0.0	0.0	0.0	0.0	0.0	0.0	0.0	0.0	0.0005948196	0.0	0.0	0.0	0.0	0.0	0.0
wiese	0.0	0.0	0.0	0.0	0.0	0.0	0.0	0.0	0.0	0.0	0.0	0.0	0.0	0.0005893009	0.0	0.0	0.0	0.0	0.0	0.0
strich	0.0	0.0	0.0	0.0	0.0	0.0	0.0	0.0	0.0	0.0	0.0	0.0	0.0	0.0005856031	0.0	0.0	0.0	0.0	0.0	0.0
behrend	0.0	0.0	0.0	0.0	0.0	0.0	0.0	0.0	0.0	0.0	0.0	0.0	0.0	0.0005415534	0.0	0.0	0.0	0.0005263712	0.0	0.0
nennen	0.0	0.0	0.0	0.0	0.0	0.0	0.0	0.0	0.0	0.0	0.0	0.0	0.0	0.00053419924	0.0	0.0	0.0	0.0	0.0	0.0
anderm	0.0	0.0	0.0	0.0	0.0	0.0	0.0	0.0	0.0	0.0	0.0	0.0	0.0	0.0005274516	0.0	0.0	0.0	0.0	0.0	0.0
stande	0.0	0.0	0.0	0.0	0.0	0.0	0.0	0.0	0.0	0.0	0.0	0.0	0.0	0.0005175423	0.0	0.0	0.0	0.0	0.0	0.0
reiches	0.0	0.0	0.0	0.0	0.0	0.0	0.0	0.0	0.0	0.0	0.0	0.0	0.0	0.0005148758	0.0	0.0	0.0	0.0	0.0	0.0
bewohner	0.0	0.0	0.0	0.0	0.0	0.0	0.0	0.0	0.0	0.0	0.0	0.0	0.0	0.00050780724	0.0	0.0	0.0	0.0	0.0	0.0
himmlischen	0.0	0.0	0.0	0.0	0.0	0.0	0.0	0.0	0.0	0.0	0.0	0.0	0.0	0.0005065466	0.0	0.0	0.0	0.0	0.0	0.0
müßten	0.0	0.0	0.0	0.0	0.0	0.0	0.0	0.0	0.0	0.0	0.0	0.0	0.0	0.00050200673	0.0	0.0	0.0	0.0	0.0	0.0
esel	0.0	0.0	0.0	0.0	0.0	0.0	0.0	0.0	0.0	0.0	0.0	0.0	0.0	0.0004982292	0.0	0.0	0.0	0.0	0.0	0.0
weisen	0.0	0.0	0.0	0.0	0.0	0.0	0.0	0.0	0.0	0.0	0.0	0.0	0.0	0.0004930183	0.0	0.0	0.0	0.0	0.0	0.0
ungarische	0.0	0.0	0.0	0.0	0.0	0.0	0.0	0.0	0.0	0.0	0.0	0.0	0.0	0.00049129396	0.0	0.0	0.0	0.0	0.0	0.0
geliebten	0.0	0.0	0.0	0.0	0.0	0.0	0.0	0.0	0.0	0.0	0.0	0.0	0.0	0.00048323628	0.0	0.0	0.0	0.0	0.0	0.0
steppe	0.0	0.0	0.0	0.0	0.0	0.0	0.0	0.0	0.0	0.0	0.0	0.0	0.0	0.00047397413	0.0	0.0	0.0	0.0	0.0	0.0
allegorie	0.0	0.0	0.0	0.0	0.0	0.0	0.0	0.0	0.0	0.0	0.0	0.0	0.0	0.00045513018	0.0	0.0	0.0	0.0	0.0	0.0
naturforscher	0.0	0.0	0.0	0.0	0.0	0.0	0.0	0.0	0.0	0.0	0.0	0.0	0.0	0.00045511426	0.0	0.0	0.0	0.0	0.0	0.0
gesetzgebung	0.0	0.0	0.0	0.0	0.0	0.0	0.0	0.0	0.0	0.0	0.0	0.0	0.0	0.00045499482	0.0	0.0	0.0	0.0	0.0	0.0
chikanen	0.0	0.0	0.0	0.0	0.0	0.0	0.0	0.0	0.0	0.0	0.0	0.0	0.0	0.0004548565	0.0	0.0	0.0	0.0	0.0	0.0
harlequin	0.0	0.0	0.0	0.0	0.0	0.0	0.0	0.0	0.0	0.0	0.0	0.0	0.0	0.0004548565	0.0	0.0	0.0	0.0	0.0	0.0
zeiger	0.0	0.0	0.0	0.0	0.0	0.0	0.0	0.0	0.0	0.0	0.0	0.0	0.0	0.00045433512	0.0	0.0	0.0	0.0	0.0	0.0
häuschens	0.0	0.0	0.0	0.0	0.0	0.0	0.0	0.0	0.0	0.0	0.0	0.0	0.0	0.00045397863	0.0	0.0	0.0	0.0	0.0	0.0
rinder	0.0	0.0	0.0	0.0	0.0	0.0	0.0	0.0	0.0	0.0	0.0	0.0	0.0	0.00045376754	0.0	0.0	0.0	0.0	0.0	0.0
küsten	0.0	0.0	0.0	0.0	0.0	0.0	0.0	0.0	0.0	0.0	0.0	0.0	0.0	0.00045180434	0.0	0.0	0.0	0.0	0.0	0.0
modernen	0.0	0.0	0.0	0.0	0.0	0.0	0.0	0.0	0.0	0.0	0.0	0.0	0.0	0.00045039476	0.0	0.0	0.0	0.0	0.0	0.0
dürsten	0.0	0.0	0.0	0.0	0.0	0.0	0.0	0.0	0.0	0.0	0.0	0.0	0.0	0.00045038492	0.0	0.0	0.0	0.0	0.0	0.0
mangelhafte	0.0	0.0	0.0	0.0	0.0	0.0	0.0	0.0	0.0	0.0	0.0	0.0	0.0	0.00044801692	0.0	0.0	0.0	0.0	0.0	0.0
vorzüglich	0.0	0.0	0.0	0.0	0.0	0.0	0.0	0.0	0.0	0.0	0.0	0.0	0.0	0.0004477778	0.0	0.0	0.0	0.0	0.0	0.0
früchten	0.0	0.0	0.0	0.0	0.0	0.0	0.0	0.0	0.0	0.0	0.0	0.0	0.0	0.0004441712	0.0	0.0	0.0	0.0	0.0	0.0
wußten	0.0	0.0	0.0	0.0	0.0	0.0	0.0	0.0	0.0	0.0	0.0	0.0	0.0	0.00044289362	0.0	0.0	0.0	0.0	0.0	0.0
valencia	0.0	0.0	0.0	0.0	0.0	0.0	0.0	0.0	0.0	0.0	0.0	0.0	0.0	0.00044083476	0.0	0.0	0.0	0.0	0.0	0.0
novelle	0.0	0.0	0.0	0.0	0.0	0.0	0.0	0.0	0.0	0.0	0.0	0.0	0.0	0.0	0.007983294	0.0	0.0	0.0	0.0	0.0
dichter	0.0	0.0	0.0	0.0	0.0	0.0	0.0	0.0	0.0	0.0	0.0	0.0	0.0	0.0	0.005811101	0.0	0.0	0.0	0.0	0.0
erzählungen	0.0	0.0	0.0	0.0	0.0	0.0	0.0	0.0	0.0	0.0	0.0	0.0	0.0	0.0	0.0054497	0.0	0.0	0.0	0.0005063725	0.0
novellen	0.0	0.0	0.0	0.0	0.0	0.0	0.0	0.0	0.0	0.0	0.0	0.0	0.0	0.0	0.004885368	0.0	0.0	0.0	0.0	0.0
geschichte	0.0	0.0	0.0	0.0	0.0	0.0	0.0	0.0	0.0	0.0	0.0	0.0	0.0	0.0	0.0032223258	0.0	0.0	0.0	0.0	0.00065289927
talent	0.0	0.0	0.0	0.0	0.0	0.0	0.0	0.0	0.0	0.0	0.0	0.0	0.0	0.0	0.0029698107	0.0	0.0	0.0	0.0	0.0
roman	0.0	0.0	0.0	0.0	0.0	0.0	0.0	0.0	0.0	0.0	0.0	0.0	0.0	0.0	0.002435758	0.0	0.0	0.0	0.0	0.0
bände	0.0	0.0	0.0	0.0	0.0	0.0	0.0	0.0	0.0	0.0	0.0	0.0	0.0	0.0	0.002370583	0.0	0.0	0.0	0.0	0.0
dichters	0.0	0.0	0.0	0.0	0.0	0.0	0.0	0.0	0.0	0.0	0.0	0.0	0.0	0.0	0.0023318569	0.0	0.0	0.0	0.0	0.0
kraft	0.0	0.0	0.0	0.0	0.0	0.0	0.0	0.0	0.0	0.0	0.0	0.0	0.0	0.0	0.0022721689	0.0	0.0	0.0	0.0	0.0
lebens	0.0	0.0	0.0	0.0	0.0	0.0	0.0	0.0	0.0	0.0	0.0	0.0	0.0	0.0	0.0020526592	0.0	0.0	0.0	0.0	0.0
darstellung	0.0	0.0	0.0	0.0	0.0	0.0	0.0	0.0	0.0	0.0	0.0	0.0	0.0	0.0	0.0019281791	0.0	0.0	0.0	0.0	0.0
romane	0.0	0.0	0.0	0.0	0.0	0.0	0.0	0.0	0.0	0.0	0.0	0.0	0.0	0.0	0.0018937379	0.0	0.0	0.0	0.0	0.0
sammlung	0.0	0.0	0.0	0.0	0.0	0.0	0.0	0.0	0.0	0.0	0.0	0.0	0.0	0.0	0.0018514086	0.0	0.0	0.0	0.0	0.0
humor	0.0	0.0	0.0	0.0	0.0	0.0	0.0	0.0	0.0	0.0	0.0	0.0	0.0	0.0	0.0016459514	0.0	0.0	0.0	0.0	0.0
dichterischen	0.0	0.0	0.0	0.0	0.0	0.0	0.0	0.0	0.0	0.0	0.0	0.0	0.0	0.0	0.0016299355	0.0	0.0	0.0	0.0	0.0
studien	0.0	0.0	0.0	0.0	0.0	0.0	0.0	0.0	0.0	0.0	0.0	0.0	0.0	0.0	0.0015820961	0.0	0.0	0.0	0.0	0.0
dichtungen	0.0	0.0	0.0	0.0	0.0	0.0	0.0	0.0	0.0	0.0	0.0	0.0	0.0	0.0	0.0015529481	0.0	0.0	0.0	0.0	0.0
erschienen	0.0	0.0	0.0	0.0	0.0	0.0	0.0	0.0	0.0	0.0	0.0	0.0	0.0	0.0	0.0015171746	0.0	0.0	0.0	0.0	0.0
tode	0.0	0.0	0.0	0.0	0.0	0.0	0.0	0.0	0.0	0.0	0.0	0.0	0.0	0.0	0.0015119448	0.0	0.0	0.0	0.0	0.0
dichtung	0.0	0.0	0.0	0.0	0.0	0.0	0.0	0.0	0.0	0.0	0.0	0.0	0.0	0.0	0.0014838446	0.0	0.0	0.0	0.0	0.0
theil	0.0	0.0	0.0	0.0	0.0	0.0	0.0	0.0	0.0	0.0	0.0	0.0	0.0	0.0	0.0014720992	0.0	0.0	0.0	0.0	0.0
erfindung	0.0	0.0	0.0	0.0	0.0	0.0	0.0	0.0	0.0	0.0	0.0	0.0	0.0	0.0	0.0014242585	0.0	0.0	0.0	0.0	0.0
literarischen	0.0	0.0	0.0	0.0	0.0	0.0	0.0	0.0	0.0	0.0	0.0	0.0	0.0	0.0	0.0014211596	0.0	0.0	0.0	0.0	0.0
schriften	0.0	0.0	0.0	0.0	0.0	0.0	0.0	0.0	0.0	0.0	0.0	0.0	0.0	0.0	0.0014190364	0.0	0.0	0.0	0.0	0.0
august	0.0	0.0	0.0	0.0	0.0	0.0	0.0	0.0	0.0	0.0	0.0	0.0	0.0	0.0	0.0014025926	0.0	0.00080671	0.0	0.0	0.0
studirte	0.0	0.0	0.0	0.0	0.0	0.0	0.0	0.0	0.0	0.0	0.0	0.0	0.0	0.0	0.0013546827	0.0	0.0	0.0	0.0	0.0
leser	0.0	0.0	0.0	0.0	0.0	0.0	0.0	0.0	0.0	0.0	0.0	0.0	0.0	0.0	0.001344286	0.0	0.0	0.0	0.0	0.0
schen	0.0	0.0	0.0	0.0	0.0	0.0	0.0	0.0	0.0	0.0	0.0	0.0	0.0	0.0	0.0013297619	0.0	0.0	0.0	0.0	0.0
lebte	0.0	0.0	0.0	0.0	0.0	0.0	0.0	0.0	0.0	0.0	0.0	0.0	0.0	0.0	0.0013120266	0.0	0.0	0.0	0.0	0.0
erste	0.0	0.0	0.0	0.0	0.0	0.0	0.0	0.0	0.0	0.0	0.0	0.0	0.0	0.0	0.0012924093	0.0	0.0	0.0	0.0	0.0
trat	0.0	0.0	0.0	0.0	0.0	0.0	0.0	0.0	0.0	0.0	0.0	0.0	0.0	0.0	0.0012909387	0.0019334661	0.0	0.0	0.0	0.0
werke	0.0	0.0	0.0	0.0	0.0	0.0	0.0	0.0	0.0	0.0	0.0	0.0	0.0	0.0	0.0012270005	0.0	0.0	0.0	0.0	0.0
frische	0.0	0.0	0.0	0.0	0.0	0.0	0.0	0.0	0.0	0.0	0.0	0.0	0.0	0.0	0.0012249821	0.0	0.0	0.0	0.0	0.0
novellistischen	0.0	0.0	0.0	0.0	0.0	0.0	0.0	0.0	0.0	0.0	0.0	0.0	0.0	0.0	0.0012235562	0.0	0.0	0.0	0.0	0.0
besuchte	0.0	0.0	0.0	0.0	0.0	0.0	0.0	0.0	0.0	0.0	0.0	0.0	0.0	0.0	0.0012112608	0.0	0.0	0.0	0.0	0.0
letzte	0.0	0.0	0.0	0.0	0.0	0.0	0.0	0.0	0.0	0.0	0.0	0.0	0.0	0.0	0.0011875232	0.0	0.0	0.0	0.0	0.0
fast	0.0	0.0	0.0	0.0	0.0	0.0	0.0	0.0	0.0	0.0	0.0	0.0	0.0	0.0	0.001175878	0.0015716017	0.000726774	0.0	0.0	0.0
stand	0.0	0.0	0.0	0.0	0.0	0.0	0.0	0.0	0.0	0.0	0.0	0.0	0.0	0.0	0.0	0.003589701	0.0	0.0	0.0	0.0
nacht	0.0	0.0	0.0	0.0	0.0	0.0	0.0	0.0	0.0	0.0	0.0	0.0	0.0	0.0	0.0	0.0033810812	0.0	0.0	0.0	0.0
gesicht	0.0	0.0	0.0	0.0	0.0	0.0	0.0	0.0	0.0	0.0	0.0	0.0	0.0	0.0	0.0	0.002477353	0.0	0.0	0.0	0.0
sprach	0.0	0.0	0.0	0.0	0.0	0.0	0.0	0.0	0.0	0.0	0.0	0.0	0.0	0.0	0.0	0.0022447205	0.0	0.0	0.0	0.0
kopf	0.0	0.0	0.0	0.0	0.0	0.0	0.0	0.0	0.0	0.0	0.0	0.0	0.0	0.0	0.0	0.0021836567	0.0	0.0	0.0	0.0
gott	0.0	0.0	0.0	0.0	0.0	0.0	0.0	0.0	0.0	0.0	0.0	0.0	0.0	0.0	0.0	0.0021262416	0.0	0.0	0.0	0.0007050456
haus	0.0	0.0	0.0	0.0	0.0	0.0	0.0	0.0	0.0	0.0	0.0	0.0	0.0	0.0	0.0	0.002090001	0.0	0.0	0.0	0.0
fragte	0.0	0.0	0.0	0.0	0.0	0.0	0.0	0.0	0.0	0.0	0.0	0.0	0.0	0.0	0.0	0.002077399	0.0	0.0	0.0	0.0
lag	0.0	0.0	0.0	0.0	0.0	0.0	0.0	0.0	0.0	0.0	0.0	0.0	0.0	0.0	0.0	0.0019950152	0.0	0.0	0.0	0.0
kind	0.0	0.0	0.0	0.0	0.0	0.0	0.0	0.0	0.0	0.0	0.0	0.0	0.0	0.0	0.0	0.0019793005	0.0	0.0	0.0	0.0
fuhr	0.0	0.0	0.0	0.0	0.0	0.0	0.0	0.0	0.0	0.0	0.0	0.0	0.0	0.0	0.0	0.0019563397	0.0	0.0	0.0	0.0
hielt	0.0	0.0	0.0	0.0	0.0	0.0	0.0	0.0	0.0	0.0	0.0	0.0	0.0	0.0	0.0	0.0019088325	0.0	0.0	0.0	0.0
fenster	0.0	0.0	0.0	0.0	0.0	0.0	0.0	0.0	0.0	0.0	0.0	0.0	0.0	0.0	0.0	0.0018710666	0.0	0.0	0.0	0.0
stimme	0.0	0.0	0.0	0.0	0.0	0.0	0.0	0.0	0.0	0.0	0.0	0.0	0.0	0.0	0.0	0.0018554917	0.0	0.0	0.0	0.0
hörte	0.0	0.0	0.0	0.0	0.0	0.0	0.0	0.0	0.0	0.0	0.0	0.0	0.0	0.0	0.0	0.0018427446	0.0	0.0	0.0	0.0
plötzlich	0.0	0.0	0.0	0.0	0.0	0.0	0.0	0.0	0.0	0.0	0.0	0.0	0.0	0.0	0.0	0.001803342	0.0	0.0	0.0	0.0
hände	0.0	0.0	0.0	0.0	0.0	0.0	0.0	0.0	0.0	0.0	0.0	0.0	0.0	0.0	0.0	0.0017033233	0.0	0.0	0.0	0.0
arme	0.0	0.0	0.0	0.0	0.0	0.0	0.0	0.0	0.0	0.0	0.0	0.0	0.0	0.0	0.0	0.001555581	0.0	0.0	0.0	0.0
still	0.0	0.0	0.0	0.0	0.0	0.0	0.0	0.0	0.0	0.0	0.0	0.0	0.0	0.0	0.0	0.0015438894	0.0	0.0	0.0	0.0
postillion	0.0	0.0	0.0	0.0	0.0	0.0	0.0	0.0	0.0	0.0	0.0	0.0	0.0	0.0	0.0	0.0	0.0012297246	0.0	0.0	0.0
richter	0.0	0.0	0.0	0.0	0.0	0.0	0.0	0.0	0.0	0.0	0.0	0.0	0.0	0.0	0.0	0.0	0.0008786096	0.0	0.0	0.0
kopisch	0.0	0.0	0.0	0.0	0.0	0.0	0.0	0.0	0.0	0.0	0.0	0.0	0.0	0.0	0.0	0.0	0.00082176935	0.0	0.0	0.0
galgen	0.0	0.0	0.0	0.0	0.0	0.0	0.0	0.0	0.0	0.0	0.0	0.0	0.0	0.0	0.0	0.0	0.00082058914	0.0	0.0	0.0
husar	0.0	0.0	0.0	0.0	0.0	0.0	0.0	0.0	0.0	0.0	0.0	0.0	0.0	0.0	0.0	0.0	0.0007752019	0.0	0.0	0.0
denkmäler	0.0	0.0	0.0	0.0	0.0	0.0	0.0	0.0	0.0	0.0	0.0	0.0	0.0	0.0	0.0	0.0	0.0006733311	0.0	0.0	0.0
stallgebäude	0.0	0.0	0.0	0.0	0.0	0.0	0.0	0.0	0.0	0.0	0.0	0.0	0.0	0.0	0.0	0.0	0.00067040697	0.0	0.0	0.0
gesichter	0.0	0.0	0.0	0.0	0.0	0.0	0.0	0.0	0.0	0.0	0.0	0.0	0.0	0.0	0.0	0.0	0.0006466977	0.0	0.0	0.0
postillon	0.0	0.0	0.0	0.0	0.0	0.0	0.0	0.0	0.0	0.0	0.0	0.0	0.0	0.0	0.0	0.0	0.00063322426	0.0	0.0	0.0
art	0.0	0.0	0.0	0.0	0.0	0.0	0.0	0.0	0.0	0.0	0.0	0.0	0.0	0.0	0.0	0.0	0.00063189253	0.0	0.0	0.0
gerichtet	0.0	0.0	0.0	0.0	0.0	0.0	0.0	0.0	0.0	0.0	0.0	0.0	0.0	0.0	0.0	0.0	0.00056973734	0.0	0.0	0.0
posthaus	0.0	0.0	0.0	0.0	0.0	0.0	0.0	0.0	0.0	0.0	0.0	0.0	0.0	0.0	0.0	0.0	0.0005607659	0.0	0.0	0.0
nückel	0.0	0.0	0.0	0.0	0.0	0.0	0.0	0.0	0.0	0.0	0.0	0.0	0.0	0.0	0.0	0.0	0.00055389944	0.0	0.0	0.0
ischia	0.0	0.0	0.0	0.0	0.0	0.0	0.0	0.0	0.0	0.0	0.0	0.0	0.0	0.0	0.0	0.0	0.0005507969	0.0	0.0	0.0
vreneli	0.0	0.0	0.0	0.0	0.0	0.0	0.0	0.0	0.0	0.0	0.0	0.0	0.0	0.0	0.0	0.0	0.00054127624	0.0	0.0	0.0
zauberer	0.0	0.0	0.0	0.0	0.0	0.0	0.0	0.0	0.0	0.0	0.0	0.0	0.0	0.0	0.0	0.0	0.0005227066	0.0	0.0	0.0
beil	0.0	0.0	0.0	0.0	0.0	0.0	0.0	0.0	0.0	0.0	0.0	0.0	0.0	0.0	0.0	0.0	0.00051201077	0.0006457713	0.0	0.0
treue	0.0	0.0	0.0	0.0	0.0	0.0	0.0	0.0	0.0	0.0	0.0	0.0	0.0	0.0	0.0	0.0	0.0005111097	0.0	0.0	0.0
bezeichnet	0.0	0.0	0.0	0.0	0.0	0.0	0.0	0.0	0.0	0.0	0.0	0.0	0.0	0.0	0.0	0.0	0.000503915	0.0	0.0	0.0
nachtigallen	0.0	0.0	0.0	0.0	0.0	0.0	0.0	0.0	0.0	0.0	0.0	0.0	0.0	0.0	0.0	0.0	0.0004932905	0.0	0.0	0.0
einzelne	0.0	0.0	0.0	0.0	0.0	0.0	0.0	0.0	0.0	0.0	0.0	0.0	0.0	0.0	0.0	0.0	0.00048750616	0.0	0.0	0.0
ausführen	0.0	0.0	0.0	0.0	0.0	0.0	0.0	0.0	0.0	0.0	0.0	0.0	0.0	0.0	0.0	0.0	0.0004809717	0.0	0.0	0.0
befand	0.0	0.0	0.0	0.0	0.0	0.0	0.0	0.0	0.0	0.0	0.0	0.0	0.0	0.0	0.0	0.0	0.00047452553	0.0	0.0	0.0
sorte	0.0	0.0	0.0	0.0	0.0	0.0	0.0	0.0	0.0	0.0	0.0	0.0	0.0	0.0	0.0	0.0	0.00046384402	0.0	0.0	0.0
flucht	0.0	0.0	0.0	0.0	0.0	0.0	0.0	0.0	0.0	0.0	0.0	0.0	0.0	0.0	0.0	0.0	0.0004568181	0.0	0.0	0.0
phantasie	0.0	0.0	0.0	0.0	0.0	0.0	0.0	0.0	0.0	0.0	0.0	0.0	0.0	0.0	0.0	0.0	0.00045468556	0.0	0.0	0.0
cavalier	0.0	0.0	0.0	0.0	0.0	0.0	0.0	0.0	0.0	0.0	0.0	0.0	0.0	0.0	0.0	0.0	0.00045338357	0.0	0.0	0.0
doctor	0.0	0.0	0.0	0.0	0.0	0.0	0.0	0.0	0.0	0.0	0.0	0.0	0.0	0.0	0.0	0.0	0.0004526035	0.0	0.0	0.0
schier	0.0	0.0	0.0	0.0	0.0	0.0	0.0	0.0	0.0	0.0	0.0	0.0	0.0	0.0	0.0	0.0	0.00045197093	0.0	0.0	0.0
violine	0.0	0.0	0.0	0.0	0.0	0.0	0.0	0.0	0.0	0.0	0.0	0.0	0.0	0.0	0.0	0.0	0.00045191235	0.0	0.0	0.0
sassa	0.0	0.0	0.0	0.0	0.0	0.0	0.0	0.0	0.0	0.0	0.0	0.0	0.0	0.0	0.0	0.0	0.00045080244	0.0	0.0	0.0
bläsi	0.0	0.0	0.0	0.0	0.0	0.0	0.0	0.0	0.0	0.0	0.0	0.0	0.0	0.0	0.0	0.0	0.0004508017	0.0	0.0	0.0
nördlingen	0.0	0.0	0.0	0.0	0.0	0.0	0.0	0.0	0.0	0.0	0.0	0.0	0.0	0.0	0.0	0.0	0.00045078492	0.0	0.0	0.0
piacenza	0.0	0.0	0.0	0.0	0.0	0.0	0.0	0.0	0.0	0.0	0.0	0.0	0.0	0.0	0.0	0.0	0.0004497354	0.0	0.0	0.0
feldingen	0.0	0.0	0.0	0.0	0.0	0.0	0.0	0.0	0.0	0.0	0.0	0.0	0.0	0.0	0.0	0.0	0.00044914664	0.0	0.0	0.0
inniges	0.0	0.0	0.0	0.0	0.0	0.0	0.0	0.0	0.0	0.0	0.0	0.0	0.0	0.0	0.0	0.0	0.0004486497	0.0	0.0	0.0
infanterieoffizier	0.0	0.0	0.0	0.0	0.0	0.0	0.0	0.0	0.0	0.0	0.0	0.0	0.0	0.0	0.0	0.0	0.000447963	0.0	0.0	0.0
reisende	0.0	0.0	0.0	0.0	0.0	0.0	0.0	0.0	0.0	0.0	0.0	0.0	0.0	0.0	0.0	0.0	0.00044451264	0.0	0.0	0.0
politische	0.0	0.0	0.0	0.0	0.0	0.0	0.0	0.0	0.0	0.0	0.0	0.0	0.0	0.0	0.0	0.0	0.0004440655	0.0	0.0	0.0
extrapost	0.0	0.0	0.0	0.0	0.0	0.0	0.0	0.0	0.0	0.0	0.0	0.0	0.0	0.0	0.0	0.0	0.00044222747	0.0	0.0	0.0
haßte	0.0	0.0	0.0	0.0	0.0	0.0	0.0	0.0	0.0	0.0	0.0	0.0	0.0	0.0	0.0	0.0	0.0004347623	0.0	0.0	0.0
wanderbüchel	0.0	0.0	0.0	0.0	0.0	0.0	0.0	0.0	0.0	0.0	0.0	0.0	0.0	0.0	0.0	0.0	0.00043437685	0.0	0.0	0.0
hahn	0.0	0.0	0.0	0.0	0.0	0.0	0.0	0.0	0.0	0.0	0.0	0.0	0.0	0.0	0.0	0.0	0.0	0.0022032734	0.0	0.0
klarinett	0.0	0.0	0.0	0.0	0.0	0.0	0.0	0.0	0.0	0.0	0.0	0.0	0.0	0.0	0.0	0.0	0.0	0.0016484056	0.0	0.0
bürgermeister	0.0	0.0	0.0	0.0	0.0	0.0	0.0	0.0	0.0	0.0	0.0	0.0	0.0	0.0	0.0	0.0	0.0	0.0011085087	0.0	0.0
oberst	0.0	0.0	0.0	0.0	0.0	0.0	0.0	0.0	0.0	0.0	0.0	0.0	0.0	0.0	0.0	0.0	0.0	0.0010578968	0.0	0.0
prince	0.0	0.0	0.0	0.0	0.0	0.0	0.0	0.0	0.0	0.0	0.0	0.0	0.0	0.0	0.0	0.0	0.0	0.0010050357	0.0	0.0
weißen	0.0	0.0	0.0	0.0	0.0	0.0	0.0	0.0	0.0	0.0	0.0	0.0	0.0	0.0	0.0	0.0	0.0	0.0009556636	0.0	0.0
port	0.0	0.0	0.0	0.0	0.0	0.0	0.0	0.0	0.0	0.0	0.0	0.0	0.0	0.0	0.0	0.0	0.0	0.0009150576	0.0	0.0
möwenweiher	0.0	0.0	0.0	0.0	0.0	0.0	0.0	0.0	0.0	0.0	0.0	0.0	0.0	0.0	0.0	0.0	0.0	0.00091472594	0.0	0.0
käse	0.0	0.0	0.0	0.0	0.0	0.0	0.0	0.0	0.0	0.0	0.0	0.0	0.0	0.0	0.0	0.0	0.0	0.0009000225	0.0	0.0
kuchen	0.0	0.0	0.0	0.0	0.0	0.0	0.0	0.0	0.0	0.0	0.0	0.0	0.0	0.0	0.0	0.0	0.0	0.0008916223	0.0	0.0
familie	0.0	0.0	0.0	0.0	0.0	0.0	0.0	0.0	0.0	0.0	0.0	0.0	0.0	0.0	0.0	0.0	0.0	0.00080166955	0.0	0.0
pflanzung	0.0	0.0	0.0	0.0	0.0	0.0	0.0	0.0	0.0	0.0	0.0	0.0	0.0	0.0	0.0	0.0	0.0	0.00073290896	0.0	0.0
darauf	0.0	0.0	0.0	0.0	0.0	0.0	0.0	0.0	0.0	0.0	0.0	0.0	0.0	0.0	0.0	0.0	0.0	0.0007089599	0.0	0.0
kellermeister	0.0	0.0	0.0	0.0	0.0	0.0	0.0	0.0	0.0	0.0	0.0	0.0	0.0	0.0	0.0	0.0	0.0	0.00069336337	0.0	0.00082157634
kaiser	0.0	0.0	0.0	0.0	0.0	0.0	0.0	0.0	0.0	0.0	0.0	0.0	0.0	0.0	0.0	0.0	0.0	0.00068371906	0.0	0.0004898086
durchlaucht	0.0	0.0	0.0	0.0	0.0	0.0	0.0	0.0	0.0	0.0	0.0	0.0	0.0	0.0	0.0	0.0	0.0	0.0006738786	0.0	0.0
könig	0.0	0.0	0.0	0.0	0.0	0.0	0.0	0.0	0.0	0.0	0.0	0.0	0.0	0.0	0.0	0.0	0.0	0.00067171355	0.0	0.001588903
erschrocken	0.0	0.0	0.0	0.0	0.0	0.0	0.0	0.0	0.0	0.0	0.0	0.0	0.0	0.0	0.0	0.0	0.0	0.0006321427	0.0	0.0
friederiken	0.0	0.0	0.0	0.0	0.0	0.0	0.0	0.0	0.0	0.0	0.0	0.0	0.0	0.0	0.0	0.0	0.0	0.00062940596	0.0	0.0
dessalines	0.0	0.0	0.0	0.0	0.0	0.0	0.0	0.0	0.0	0.0	0.0	0.0	0.0	0.0	0.0	0.0	0.0	0.00062880805	0.0	0.0
hörten	0.0	0.0	0.0	0.0	0.0	0.0	0.0	0.0	0.0	0.0	0.0	0.0	0.0	0.0	0.0	0.0	0.0	0.0006238938	0.0	0.0
vorsicht	0.0	0.0	0.0	0.0	0.0	0.0	0.0	0.0	0.0	0.0	0.0	0.0	0.0	0.0	0.0	0.0	0.0	0.00057976076	0.0	0.0
fremden	0.0	0.0	0.0	0.0	0.0	0.0	0.0	0.0	0.0	0.0	0.0	0.0	0.0	0.0	0.0	0.0	0.0	0.000567461	0.0	0.0
beethoven	0.0	0.0	0.0	0.0	0.0	0.0	0.0	0.0	0.0	0.0	0.0	0.0	0.0	0.0	0.0	0.0	0.0	0.00056327233	0.0	0.0
general	0.0	0.0	0.0	0.0	0.0	0.0	0.0	0.0	0.0	0.0	0.0	0.0	0.0	0.0	0.0	0.0	0.0	0.0005577111	0.0	0.0021495223
klappe	0.0	0.0	0.0	0.0	0.0	0.0	0.0	0.0	0.0	0.0	0.0	0.0	0.0	0.0	0.0	0.0	0.0	0.00055099255	0.0	0.0
versuchen	0.0	0.0	0.0	0.0	0.0	0.0	0.0	0.0	0.0	0.0	0.0	0.0	0.0	0.0	0.0	0.0	0.0	0.00054484146	0.0	0.0
niederlassung	0.0	0.0	0.0	0.0	0.0	0.0	0.0	0.0	0.0	0.0	0.0	0.0	0.0	0.0	0.0	0.0	0.0	0.00051890546	0.0	0.0
schwere	0.0	0.0	0.0	0.0	0.0	0.0	0.0	0.0	0.0	0.0	0.0	0.0	0.0	0.0	0.0	0.0	0.0	0.00050688436	0.0	0.0
zettel	0.0	0.0	0.0	0.0	0.0	0.0	0.0	0.0	0.0	0.0	0.0	0.0	0.0	0.0	0.0	0.0	0.0	0.0005057368	0.0	0.0
ankunft	0.0	0.0	0.0	0.0	0.0	0.0	0.0	0.0	0.0	0.0	0.0	0.0	0.0	0.0	0.0	0.0	0.0	0.0005056427	0.0	0.0
beruhigt	0.0	0.0	0.0	0.0	0.0	0.0	0.0	0.0	0.0	0.0	0.0	0.0	0.0	0.0	0.0	0.0	0.0	0.0005002783	0.0	0.0
geschlecht	0.0	0.0	0.0	0.0	0.0	0.0	0.0	0.0	0.0	0.0	0.0	0.0	0.0	0.0	0.0	0.0	0.0	0.0004994344	0.0	0.0
halm	0.0	0.0	0.0	0.0	0.0	0.0	0.0	0.0	0.0	0.0	0.0	0.0	0.0	0.0	0.0	0.0	0.0	0.0	0.0010052057	0.0
eichendorff	0.0	0.0	0.0	0.0	0.0	0.0	0.0	0.0	0.0	0.0	0.0	0.0	0.0	0.0	0.0	0.0	0.0	0.0	0.0008682483	0.0
einsamkeit	0.0	0.0	0.0	0.0	0.0	0.0	0.0	0.0	0.0	0.0	0.0	0.0	0.0	0.0	0.0	0.0	0.0	0.0	0.0008368672	0.0
hacken	0.0	0.0	0.0	0.0	0.0	0.0	0.0	0.0	0.0	0.0	0.0	0.0	0.0	0.0	0.0	0.0	0.0	0.0	0.0006999434	0.0
jahrhunderts	0.0	0.0	0.0	0.0	0.0	0.0	0.0	0.0	0.0	0.0	0.0	0.0	0.0	0.0	0.0	0.0	0.0	0.0	0.00066644204	0.0
mochten	0.0	0.0	0.0	0.0	0.0	0.0	0.0	0.0	0.0	0.0	0.0	0.0	0.0	0.0	0.0	0.0	0.0	0.0	0.00063902966	0.0
capitän	0.0	0.0	0.0	0.0	0.0	0.0	0.0	0.0	0.0	0.0	0.0	0.0	0.0	0.0	0.0	0.0	0.0	0.0	0.00063605874	0.0
ueberfluß	0.0	0.0	0.0	0.0	0.0	0.0	0.0	0.0	0.0	0.0	0.0	0.0	0.0	0.0	0.0	0.0	0.0	0.0	0.0006286892	0.0
ideal	0.0	0.0	0.0	0.0	0.0	0.0	0.0	0.0	0.0	0.0	0.0	0.0	0.0	0.0	0.0	0.0	0.0	0.0	0.0006172202	0.0
wollt	0.0	0.0	0.0	0.0	0.0	0.0	0.0	0.0	0.0	0.0	0.0	0.0	0.0	0.0	0.0	0.0	0.0	0.0	0.00060200825	0.0
kanone	0.0	0.0	0.0	0.0	0.0	0.0	0.0	0.0	0.0	0.0	0.0	0.0	0.0	0.0	0.0	0.0	0.0	0.0	0.00060139527	0.0
schloß	0.0	0.0	0.0	0.0	0.0	0.0	0.0	0.0	0.0	0.0	0.0	0.0	0.0	0.0	0.0	0.0	0.0	0.0	0.0005934898	0.0
todesstrafe	0.0	0.0	0.0	0.0	0.0	0.0	0.0	0.0	0.0	0.0	0.0	0.0	0.0	0.0	0.0	0.0	0.0	0.0	0.00054780464	0.0
gerechtigkeit	0.0	0.0	0.0	0.0	0.0	0.0	0.0	0.0	0.0	0.0	0.0	0.0	0.0	0.0	0.0	0.0	0.0	0.0	0.00054623646	0.0
spuren	0.0	0.0	0.0	0.0	0.0	0.0	0.0	0.0	0.0	0.0	0.0	0.0	0.0	0.0	0.0	0.0	0.0	0.0	0.00052616565	0.0
hölle	0.0	0.0	0.0	0.0	0.0	0.0	0.0	0.0	0.0	0.0	0.0	0.0	0.0	0.0	0.0	0.0	0.0	0.0	0.0005173181	0.0
grundsätze	0.0	0.0	0.0	0.0	0.0	0.0	0.0	0.0	0.0	0.0	0.0	0.0	0.0	0.0	0.0	0.0	0.0	0.0	0.0005161904	0.0
secretär	0.0	0.0	0.0	0.0	0.0	0.0	0.0	0.0	0.0	0.0	0.0	0.0	0.0	0.0	0.0	0.0	0.0	0.0	0.00051470223	0.0
frommen	0.0	0.0	0.0	0.0	0.0	0.0	0.0	0.0	0.0	0.0	0.0	0.0	0.0	0.0	0.0	0.0	0.0	0.0	0.0005100729	0.0
block	0.0	0.0	0.0	0.0	0.0	0.0	0.0	0.0	0.0	0.0	0.0	0.0	0.0	0.0	0.0	0.0	0.0	0.0	0.0005054561	0.0
fürchteten	0.0	0.0	0.0	0.0	0.0	0.0	0.0	0.0	0.0	0.0	0.0	0.0	0.0	0.0	0.0	0.0	0.0	0.0	0.00050516345	0.0
platane	0.0	0.0	0.0	0.0	0.0	0.0	0.0	0.0	0.0	0.0	0.0	0.0	0.0	0.0	0.0	0.0	0.0	0.0	0.0005051219	0.0
vorübergehend	0.0	0.0	0.0	0.0	0.0	0.0	0.0	0.0	0.0	0.0	0.0	0.0	0.0	0.0	0.0	0.0	0.0	0.0	0.0005048904	0.0
stutzen	0.0	0.0	0.0	0.0	0.0	0.0	0.0	0.0	0.0	0.0	0.0	0.0	0.0	0.0	0.0	0.0	0.0	0.0	0.00049521786	0.0
auctionen	0.0	0.0	0.0	0.0	0.0	0.0	0.0	0.0	0.0	0.0	0.0	0.0	0.0	0.0	0.0	0.0	0.0	0.0	0.00049337064	0.0
kassierer	0.0	0.0	0.0	0.0	0.0	0.0	0.0	0.0	0.0	0.0	0.0	0.0	0.0	0.0	0.0	0.0	0.0	0.0	0.00049206265	0.0
glücksritter	0.0	0.0	0.0	0.0	0.0	0.0	0.0	0.0	0.0	0.0	0.0	0.0	0.0	0.0	0.0	0.0	0.0	0.0	0.00048818174	0.0
käfich	0.0	0.0	0.0	0.0	0.0	0.0	0.0	0.0	0.0	0.0	0.0	0.0	0.0	0.0	0.0	0.0	0.0	0.0	0.00047909768	0.0
töchter	0.0	0.0	0.0	0.0	0.0	0.0	0.0	0.0	0.0	0.0	0.0	0.0	0.0	0.0	0.0	0.0	0.0	0.0	0.00047843755	0.0
zunftmeister	0.0	0.0	0.0	0.0	0.0	0.0	0.0	0.0	0.0	0.0	0.0	0.0	0.0	0.0	0.0	0.0	0.0	0.0	0.00047021793	0.0
freuten	0.0	0.0	0.0	0.0	0.0	0.0	0.0	0.0	0.0	0.0	0.0	0.0	0.0	0.0	0.0	0.0	0.0	0.0	0.00046775732	0.0
fesseln	0.0	0.0	0.0	0.0	0.0	0.0	0.0	0.0	0.0	0.0	0.0	0.0	0.0	0.0	0.0	0.0	0.0	0.0	0.0004650912	0.0
aehnliches	0.0	0.0	0.0	0.0	0.0	0.0	0.0	0.0	0.0	0.0	0.0	0.0	0.0	0.0	0.0	0.0	0.0	0.0	0.0004617328	0.0
verräther	0.0	0.0	0.0	0.0	0.0	0.0	0.0	0.0	0.0	0.0	0.0	0.0	0.0	0.0	0.0	0.0	0.0	0.0	0.00046136262	0.0
figuren	0.0	0.0	0.0	0.0	0.0	0.0	0.0	0.0	0.0	0.0	0.0	0.0	0.0	0.0	0.0	0.0	0.0	0.0	0.00046048767	0.0
preisgegeben	0.0	0.0	0.0	0.0	0.0	0.0	0.0	0.0	0.0	0.0	0.0	0.0	0.0	0.0	0.0	0.0	0.0	0.0	0.00045667804	0.0
wohlfeil	0.0	0.0	0.0	0.0	0.0	0.0	0.0	0.0	0.0	0.0	0.0	0.0	0.0	0.0	0.0	0.0	0.0	0.0	0.00045494633	0.0
bataillon	0.0	0.0	0.0	0.0	0.0	0.0	0.0	0.0	0.0	0.0	0.0	0.0	0.0	0.0	0.0	0.0	0.0	0.0	0.00045081732	0.0
franken	0.0	0.0	0.0	0.0	0.0	0.0	0.0	0.0	0.0	0.0	0.0	0.0	0.0	0.0	0.0	0.0	0.0	0.0	0.0004444922	0.0
heister	0.0	0.0	0.0	0.0	0.0	0.0	0.0	0.0	0.0	0.0	0.0	0.0	0.0	0.0	0.0	0.0	0.0	0.0	0.0	0.0015401797
gerichtshalter	0.0	0.0	0.0	0.0	0.0	0.0	0.0	0.0	0.0	0.0	0.0	0.0	0.0	0.0	0.0	0.0	0.0	0.0	0.0	0.0013571291
aloys	0.0	0.0	0.0	0.0	0.0	0.0	0.0	0.0	0.0	0.0	0.0	0.0	0.0	0.0	0.0	0.0	0.0	0.0	0.0	0.0011781675
schweden	0.0	0.0	0.0	0.0	0.0	0.0	0.0	0.0	0.0	0.0	0.0	0.0	0.0	0.0	0.0	0.0	0.0	0.0	0.0	0.0010580585
vermittelung	0.0	0.0	0.0	0.0	0.0	0.0	0.0	0.0	0.0	0.0	0.0	0.0	0.0	0.0	0.0	0.0	0.0	0.0	0.0	0.0009986834
hunde	0.0	0.0	0.0	0.0	0.0	0.0	0.0	0.0	0.0	0.0	0.0	0.0	0.0	0.0	0.0	0.0	0.0	0.0	0.0	0.000934105
enkelin	0.0	0.0	0.0	0.0	0.0	0.0	0.0	0.0	0.0	0.0	0.0	0.0	0.0	0.0	0.0	0.0	0.0	0.0	0.0	0.00083933986
bücher	0.0	0.0	0.0	0.0	0.0	0.0	0.0	0.0	0.0	0.0	0.0	0.0	0.0	0.0	0.0	0.0	0.0	0.0	0.0	0.00081741187
balthasar	0.0	0.0	0.0	0.0	0.0	0.0	0.0	0.0	0.0	0.0	0.0	0.0	0.0	0.0	0.0	0.0	0.0	0.0	0.0	0.00077345216
volke	0.0	0.0	0.0	0.0	0.0	0.0	0.0	0.0	0.0	0.0	0.0	0.0	0.0	0.0	0.0	0.0	0.0	0.0	0.0	0.0006699113
großes	0.0	0.0	0.0	0.0	0.0	0.0	0.0	0.0	0.0	0.0	0.0	0.0	0.0	0.0	0.0	0.0	0.0	0.0	0.0	0.00063943316
finkel	0.0	0.0	0.0	0.0	0.0	0.0	0.0	0.0	0.0	0.0	0.0	0.0	0.0	0.0	0.0	0.0	0.0	0.0	0.0	0.0006347971
begleitete	0.0	0.0	0.0	0.0	0.0	0.0	0.0	0.0	0.0	0.0	0.0	0.0	0.0	0.0	0.0	0.0	0.0	0.0	0.0	0.0006290799
wirthin	0.0	0.0	0.0	0.0	0.0	0.0	0.0	0.0	0.0	0.0	0.0	0.0	0.0	0.0	0.0	0.0	0.0	0.0	0.0	0.0006279922
sängerin	0.0	0.0	0.0	0.0	0.0	0.0	0.0	0.0	0.0	0.0	0.0	0.0	0.0	0.0	0.0	0.0	0.0	0.0	0.0	0.00058112264
begegnete	0.0	0.0	0.0	0.0	0.0	0.0	0.0	0.0	0.0	0.0	0.0	0.0	0.0	0.0	0.0	0.0	0.0	0.0	0.0	0.0005778191
singen	0.0	0.0	0.0	0.0	0.0	0.0	0.0	0.0	0.0	0.0	0.0	0.0	0.0	0.0	0.0	0.0	0.0	0.0	0.0	0.00056936155
nase	0.0	0.0	0.0	0.0	0.0	0.0	0.0	0.0	0.0	0.0	0.0	0.0	0.0	0.0	0.0	0.0	0.0	0.0	0.0	0.00056495686
hofe	0.0	0.0	0.0	0.0	0.0	0.0	0.0	0.0	0.0	0.0	0.0	0.0	0.0	0.0	0.0	0.0	0.0	0.0	0.0	0.0005479956
abtheilung	0.0	0.0	0.0	0.0	0.0	0.0	0.0	0.0	0.0	0.0	0.0	0.0	0.0	0.0	0.0	0.0	0.0	0.0	0.0	0.00054446555
bekannt	0.0	0.0	0.0	0.0	0.0	0.0	0.0	0.0	0.0	0.0	0.0	0.0	0.0	0.0	0.0	0.0	0.0	0.0	0.0	0.00054053334
gedicht	0.0	0.0	0.0	0.0	0.0	0.0	0.0	0.0	0.0	0.0	0.0	0.0	0.0	0.0	0.0	0.0	0.0	0.0	0.0	0.00053464447
ewigen	0.0	0.0	0.0	0.0	0.0	0.0	0.0	0.0	0.0	0.0	0.0	0.0	0.0	0.0	0.0	0.0	0.0	0.0	0.0	0.0005300656
corporal	0.0	0.0	0.0	0.0	0.0	0.0	0.0	0.0	0.0	0.0	0.0	0.0	0.0	0.0	0.0	0.0	0.0	0.0	0.0	0.0005268249
umstehenden	0.0	0.0	0.0	0.0	0.0	0.0	0.0	0.0	0.0	0.0	0.0	0.0	0.0	0.0	0.0	0.0	0.0	0.0	0.0	0.000512467
weine	0.0	0.0	0.0	0.0	0.0	0.0	0.0	0.0	0.0	0.0	0.0	0.0	0.0	0.0	0.0	0.0	0.0	0.0	0.0	0.0005080077
eisen	0.0	0.0	0.0	0.0	0.0	0.0	0.0	0.0	0.0	0.0	0.0	0.0	0.0	0.0	0.0	0.0	0.0	0.0	0.0	0.0005062736
täuschen	0.0	0.0	0.0	0.0	0.0	0.0	0.0	0.0	0.0	0.0	0.0	0.0	0.0	0.0	0.0	0.0	0.0	0.0	0.0	0.0004998513
halbe	0.0	0.0	0.0	0.0	0.0	0.0	0.0	0.0	0.0	0.0	0.0	0.0	0.0	0.0	0.0	0.0	0.0	0.0	0.0	0.0004954183
schwager	0.0	0.0	0.0	0.0	0.0	0.0	0.0	0.0	0.0	0.0	0.0	0.0	0.0	0.0	0.0	0.0	0.0	0.0	0.0	0.00049152895
vorwürfen	0.0	0.0	0.0	0.0	0.0	0.0	0.0	0.0	0.0	0.0	0.0	0.0	0.0	0.0	0.0	0.0	0.0	0.0	0.0	0.00048844726
tambour	0.0	0.0	0.0	0.0	0.0	0.0	0.0	0.0	0.0	0.0	0.0	0.0	0.0	0.0	0.0	0.0	0.0	0.0	0.0	0.00048522875
gesandten	0.0	0.0	0.0	0.0	0.0	0.0	0.0	0.0	0.0	0.0	0.0	0.0	0.0	0.0	0.0	0.0	0.0	0.0	0.0	0.00048462546
boot	0.0	0.0	0.0	0.0	0.0	0.0	0.0	0.0	0.0	0.0	0.0	0.0	0.0	0.0	0.0	0.0	0.0	0.0	0.0	0.00046924286
