	0	1	2	3	4	5	6	7	8	9
shape	0.0007137759821489453	0.009516673162579536	0.0	0.0	0.0	0.0007137759239412844	0.0	0.0	0.0	0.0
memory	0.0007137759821489453	0.01219746470451355	0.0	0.0	0.0	0.0007137759239412844	0.0	0.0	0.0	0.0
reading	0.0007137759239412844	0.0	0.0	0.0007137759239412844	0.0	0.0007137759821489453	0.0	0.0	0.0	0.03670775145292282
other	0.0007137759239412844	0.004155084956437349	0.005249290727078915	0.0007137759239412844	0.0	0.0007137759239412844	0.00409157108515501	0.0	0.0	0.0
fabrics	0.0007137759239412844	0.005495483987033367	0.0	0.0	0.0	0.0	0.0	0.0	0.0	0.0
chinese	0.0007137759239412844	0.013537857681512833	0.007809990085661411	0.0007137759821489453	0.0	0.0007137759821489453	0.003093590261414647	0.0007137759239412844	0.0	0.028595512732863426
team	0.0007137759239412844	0.0	0.0	0.0	0.0	0.0007137759239412844	0.00409157108515501	0.0	0.0	0.0
writing	0.0007137759239412844	0.0	0.0	0.0007137759239412844	0.0	0.0007137759239412844	0.0	0.0	0.0	0.022511335089802742
students	0.0007137759239412844	0.030962981283664703	0.011651035398244858	0.0007137759821489453	0.020514637231826782	0.0007137759821489453	0.017065275460481644	0.0007137760985642672	0.011434980668127537	0.0
support	0.0007137759239412844	0.01219746470451355	0.0	0.0007137759239412844	0.0	0.0007137759239412844	0.00409157108515501	0.0007137759821489453	0.0	0.004258777480572462
hand	0.0007137759239412844	0.0	0.012931381352245808	0.0007137759239412844	0.0	0.0007137759239412844	0.0	0.0	0.0	0.0
research	0.0007137759239412844	0.004155085422098637	0.003968939650803804	0.0007137759239412844	0.01312192901968956	0.0007137759239412844	0.00409157108515501	0.0	0.0	0.0062868474051356316
system	0.0007137759239412844	0.0	0.012931381352245808	0.0007137759239412844	0.0	0.0007137759239412844	0.0	0.0	0.0	0.0
sensory-motor	0.0007137758657336235	0.0	0.0	0.0007137758657336235	0.0	0.0007137758657336235	0.0	0.0007137758657336235	0.0	0.0
sensitivity	0.0007137758657336235	0.0	0.0	0.0007137758657336235	0.0	0.0	0.0	0.0007137758657336235	0.0	0.0
screening	0.0007137758657336235	0.0	0.0	0.0007137758657336235	0.0	0.0	0.0	0.0	0.0	0.0
scientific	0.0007137758657336235	0.0	0.0	0.0007137758657336235	0.0	0.0	0.0	0.0	0.0	0.0
schoolchildren	0.0007137758657336235	0.0	0.0	0.0	0.0	0.0	0.0	0.0	0.0	0.0
relying	0.0007137758657336235	0.0	0.0	0.0007137758657336235	0.0	0.0	0.0	0.0	0.0	0.0
shells	0.0007137758657336235	0.0	0.0	0.0007137758657336235	0.0	0.0007137758657336235	0.0	0.0007137758657336235	0.0	0.0
same	0.0007137758657336235	0.0	0.0	0.0	0.0	0.0	0.0	0.0	0.0	0.0
responsible	0.0007137758657336235	0.0	0.0	0.0	0.0	0.0	0.0	0.0	0.0	0.0
researchers	0.0007137758657336235	0.0	0.0	0.0	0.0	0.0	0.0	0.0	0.0	0.0062868474051356316
remediation	0.0007137758657336235	0.0	0.0	0.0	0.0	0.0	0.0	0.0	0.0	0.004258777480572462
remediate	0.0007137758657336235	0.0	0.0	0.0	0.0	0.0	0.0	0.0	0.0	0.0
units	0.0007137758657336235	0.0	0.0	0.0	0.0	0.0	0.0	0.0007137758657336235	0.0	0.0
samples	0.0007137758657336235	0.0	0.0	0.0	0.0	0.0	0.0	0.0	0.0	0.0
shown	0.0007137758657336235	0.0	0.0	0.0	0.0	0.0007137758657336235	0.0	0.0007137758657336235	0.0	0.0
skills	0.0007137758657336235	0.0	0.0	0.0	0.0	0.0007137759239412844	0.0	0.0007137758657336235	0.0	0.012371036224067211
siok	0.0007137758657336235	0.0	0.0	0.0	0.0	0.0007137758657336235	0.0	0.0007137758657336235	0.0	0.0
read	0.0007137758657336235	0.0	0.0	0.0	0.0	0.0	0.0	0.0	0.0	0.010342974215745926
true	0.0007137758657336235	0.0	0.0	0.0	0.0	0.0007137758657336235	0.0	0.0007137758657336235	0.0	0.004258777480572462
theory	0.0007137758657336235	0.0	0.0	0.0	0.0	0.0007137758657336235	0.0	0.0	0.0	0.004258777480572462
tests	0.0007137758657336235	0.0	0.0	0.0007137758657336235	0.0	0.0007137758657336235	0.0	0.0	0.0	0.0
tel	0.0007137758657336235	0.0	0.0	0.0007137758657336235	0.0	0.0007137758657336235	0.0	0.0	0.0	0.004258777480572462
tan	0.0007137758657336235	0.0	0.0	0.0007137758657336235	0.0	0.0007137758657336235	0.0	0.0007137758657336235	0.0	0.0
syllables	0.0007137758657336235	0.0	0.0	0.0007137758657336235	0.0	0.0	0.0	0.0007137758657336235	0.0	0.0
supported	0.0007137758657336235	0.0	0.0	0.0007137758657336235	0.0	0.0007137758657336235	0.0	0.0007137758657336235	0.0	0.0
simple	0.0007137758657336235	0.0	0.0	0.0	0.0	0.0007137758657336235	0.0	0.0007137758657336235	0.0	0.0
suitable	0.0007137758657336235	0.0	0.0	0.0	0.0	0.0	0.0	0.0	0.0	0.0
sufficient	0.0007137758657336235	0.0	0.0	0.0	0.0	0.0	0.0	0.0007137758657336235	0.0	0.0
structure	0.0007137758657336235	0.0	0.0	0.0	0.0	0.0	0.0	0.0007137758657336235	0.0	0.004258777480572462
strategies	0.0007137758657336235	0.0	0.0	0.0007137758657336235	0.0	0.0	0.0	0.0	0.0	0.0062868474051356316
status	0.0007137758657336235	0.0	0.0	0.0	0.0	0.0	0.0	0.0	0.0	0.0
spoken	0.0007137758657336235	0.0	0.0	0.0007137758657336235	0.0	0.0007137758657336235	0.0	0.0007137758657336235	0.0	0.0062868474051356316
speech	0.0007137758657336235	0.0	0.0	0.0	0.0	0.0007137758657336235	0.0	0.0	0.0	0.0
speaking	0.0007137758657336235	0.0	0.0	0.0	0.0	0.0007137758657336235	0.0	0.0	0.0	0.0
relationship	0.0007137758657336235	0.0	0.0	0.0	0.0	0.0	0.0	0.0	0.0	0.0
suggests	0.0007137758657336235	0.0	0.0	0.0	0.0	0.0007137758657336235	0.0	0.0007137758657336235	0.0	0.0
measures	0.0007137758657336235	0.0	0.0	0.0	0.0	0.0	0.0	0.0	0.0	0.0
years	0.0	0.01219746470451355	0.0	0.0007137759239412844	0.0	0.0007137759239412844	0.0	0.0007137759239412844	0.0	0.004258777480572462
social	0.0	0.010857068002223969	0.0	0.0007137759239412844	0.0	0.0	0.003093590261414647	0.0007137759239412844	0.0	0.0
appointed	0.0	0.009516674093902111	0.0	0.0	0.0	0.0	0.0	0.0	0.0	0.0
donation	0.0	0.009516673162579536	0.0	0.0007137759239412844	0.0	0.0	0.0	0.0007137759239412844	0.0	0.0
education	0.0	0.009516673162579536	0.0	0.0007137759239412844	0.0	0.0007137759239412844	0.005089550279080868	0.0	0.0	0.0
university	0.0	0.008176278322935104	0.0	0.0	0.0057292114943265915	0.0	0.0	0.0	0.0	0.0
first	0.0	0.006835881620645523	0.0	0.0007137759239412844	0.0038810246624052525	0.0	0.005089550744742155	0.0	0.0	0.0
undergraduate	0.0	0.005495483987033367	0.0	0.0	0.0038810246624052525	0.0	0.0	0.0	0.0	0.0
admit	0.0	0.005495483987033367	0.0	0.0	0.0	0.0	0.0	0.0	0.0	0.0
work	0.0	0.005495483987033367	0.0	0.0007137759239412844	0.0	0.0	0.0	0.0	0.0	0.0
development	0.0	0.005495483987033367	0.0	0.0	0.0075773922726511955	0.0007137759239412844	0.0	0.0	0.007746223360300064	0.008314910344779491
serve	0.0	0.005495483987033367	0.0	0.0	0.0	0.0	0.0	0.0	0.0	0.0
college	0.0	0.004155085422098637	0.0	0.0	0.0	0.0	0.0	0.0	0.0	0.0
generous	0.0	0.004155085422098637	0.0	0.0	0.0	0.0	0.0	0.0	0.0	0.0
residential	0.0	0.004155085422098637	0.0	0.0	0.0	0.0	0.0	0.0	0.0	0.0
enhance	0.0	0.004155085422098637	0.0	0.0	0.0	0.0	0.0	0.0	0.0	0.0
medical	0.0	0.004155085422098637	0.0	0.0	0.0	0.0	0.0	0.0	0.0	0.0
student	0.0	0.004155085422098637	0.0	0.0	0.0	0.0	0.0	0.0	0.0	0.0
member	0.0	0.004155085422098637	0.0	0.0	0.0	0.0	0.0	0.0	0.0	0.0
new	0.0	0.004155085422098637	0.0	0.0	0.0075773922726511955	0.0	0.009081459604203701	0.0007137759239412844	0.0	0.0
part	0.0	0.004155085422098637	0.0	0.0	0.0	0.0	0.0	0.0	0.0	0.0
phd	0.0	0.004155085422098637	0.0	0.0	0.0	0.0	0.0	0.0	0.0	0.0
society	0.0	0.004155085422098637	0.0	0.0	0.0	0.0	0.0	0.0	0.0	0.0
spirit	0.0	0.004155085422098637	0.0	0.0	0.0	0.0	0.0	0.0	0.0	0.0
teaching	0.0	0.004155085422098637	0.0	0.0	0.0	0.0	0.0	0.0	0.0	0.0
significant	0.0	0.004155084956437349	0.0	0.0	0.0	0.0	0.0	0.0	0.0	0.0
ceremony	0.0	0.004155084956437349	0.0	0.0	0.003881024196743965	0.0	0.0	0.0	0.0	0.0
established	0.0	0.004155084956437349	0.0	0.0	0.0	0.0	0.0	0.0	0.0	0.0
mainland	0.0	0.004155084956437349	0.0026885822881013155	0.0007137759239412844	0.0	0.0	0.0	0.0007137759239412844	0.0	0.0
expert	0.0	0.0028146812692284584	0.0	0.0	0.0	0.0	0.0	0.0	0.0	0.0
important	0.0	0.0028146812692284584	0.0	0.0	0.003881024196743965	0.0	0.0	0.0	0.0	0.0
facilitating	0.0	0.0028146812692284584	0.0	0.0	0.0	0.0	0.0	0.0	0.0	0.0
four-year	0.0	0.0028146812692284584	0.0	0.0	0.0	0.0	0.0	0.0	0.0	0.0
welfare	0.0	0.0028146812692284584	0.0	0.0	0.0	0.0	0.0	0.0	0.0	0.0
professional	0.0	0.0028146812692284584	0.0	0.0	0.0	0.0	0.0	0.0	0.0	0.0
contribution	0.0	0.0028146812692284584	0.0	0.0	0.0	0.0	0.0	0.0	0.0	0.0
industry	0.0	0.0028146812692284584	0.0	0.0	0.0	0.0	0.0	0.0	0.0	0.0
serving	0.0	0.0028146812692284584	0.0	0.0	0.0	0.0	0.0	0.0	0.0	0.0
founder	0.0	0.0028146812692284584	0.0	0.0	0.0	0.0	0.0	0.0	0.0	0.0
campus	0.0	0.0028146812692284584	0.0	0.0	0.0057292114943265915	0.0	0.0	0.0007137759239412844	0.0	0.0
programmes	0.0	0.0028146812692284584	0.0	0.0	0.0	0.0	0.00409157108515501	0.0	0.015123732388019562	0.0
service	0.0	0.0028146812692284584	0.0	0.0	0.0	0.0	0.0	0.0	0.0	0.0
banking	0.0	0.0	0.01037068571895361	0.0007137759239412844	0.0	0.0	0.0	0.0007137759239412844	0.0	0.0
financial	0.0	0.0	0.007809990085661411	0.0007137759239412844	0.0	0.0	0.0	0.0007137759239412844	0.0	0.0
robotic	0.0	0.0	0.006529641337692738	0.0	0.0	0.0007137759239412844	0.0	0.0	0.0	0.0
patients	0.0	0.0	0.005249290727078915	0.0007137760403566062	0.0	0.0007137759239412844	0.030038969591259956	0.0	0.0	0.0
web	0.0	0.0	0.005249290727078915	0.0	0.0	0.0	0.0	0.0	0.0	0.0
including	0.0	0.0	0.005249290727078915	0.0007137759239412844	0.0057292114943265915	0.0007137759239412844	0.003093590261414647	0.0007137759239412844	0.0	0.0
young	0.0	0.0	0.003968939650803804	0.0	0.0	0.0	0.0	0.0	0.0	0.0
future	0.0	0.0	0.003968939650803804	0.0	0.0	0.0	0.0	0.0	0.0	0.0
global	0.0	0.0	0.003968939650803804	0.0	0.0	0.0	0.0	0.0007137759239412844	0.0	0.0
hands	0.0	0.0	0.003968939650803804	0.0	0.0	0.0	0.0	0.0	0.0	0.0
time	0.0	0.0	0.003968939650803804	0.0	0.0	0.0	0.0	0.0	0.0	0.0
different	0.0	0.0	0.003968939650803804	0.0007137759239412844	0.0	0.0007137759239412844	0.0	0.0	0.0	0.0
found	0.0	0.0	0.003968939650803804	0.0	0.0	0.0	0.0	0.0	0.0	0.0
touch	0.0	0.0	0.003968939650803804	0.0	0.0	0.0	0.0	0.0	0.0	0.0
countries	0.0	0.0	0.003968939650803804	0.0	0.003881024196743965	0.0	0.0	0.0	0.0	0.0
business	0.0	0.0	0.003968939650803804	0.0	0.0057292114943265915	0.0007137759239412844	0.0	0.0	0.011434980668127537	0.0
families	0.0	0.0	0.003968939650803804	0.0	0.0	0.0	0.0	0.0	0.0	0.0
electric	0.0	0.0	0.003968939650803804	0.0	0.0	0.0	0.0	0.0	0.0	0.0
develop	0.0	0.0	0.003968939650803804	0.0	0.0	0.0	0.0	0.0007137759239412844	0.0	0.0
information	0.0	0.0	0.003968939650803804	0.0	0.0	0.0	0.003093590261414647	0.0	0.007746223360300064	0.0
awarded	0.0	0.0	0.003968939650803804	0.0	0.003881024196743965	0.0007137759239412844	0.0	0.0007137759239412844	0.0	0.0
region	0.0	0.0	0.003968939650803804	0.0	0.0	0.0	0.0	0.0007137759239412844	0.0	0.0
citibankers	0.0	0.0	0.003968939650803804	0.0	0.0	0.0	0.0	0.0007137759239412844	0.0	0.0
knowledge	0.0	0.0	0.003968939650803804	0.0	0.0	0.0	0.0	0.0007137759239412844	0.0	0.0
physiotherapy	0.0	0.0	0.003968939650803804	0.0	0.0	0.0	0.0	0.0	0.0	0.0
completion	0.0	0.0	0.003968939650803804	0.0	0.0	0.0	0.0	0.0007137759239412844	0.0	0.0
commitment	0.0	0.0	0.003968939650803804	0.0	0.0	0.0	0.0	0.0007137759239412844	0.0	0.0
services	0.0	0.0	0.003968939650803804	0.0	0.0	0.0	0.0	0.0	0.0	0.0
additional	0.0	0.0	0.003968939650803804	0.0	0.0	0.0	0.0	0.0	0.0	0.0
help	0.0	0.0	0.003968939650803804	0.0	0.0	0.0	0.0	0.0	0.0	0.0
program	0.0	0.0	0.003968939650803804	0.0	0.0	0.0	0.0	0.0007137759239412844	0.0	0.0
translation	0.0	0.0	0.003968939185142517	0.0	0.0	0.0	0.0	0.0	0.0	0.0
conference	0.0	0.0	0.003968939185142517	0.0	0.0	0.0	0.0	0.0	0.0	0.0
muscle	0.0	0.0	0.0026885822881013155	0.0	0.0	0.0	0.0	0.0	0.0	0.0
final	0.0	0.0	0.0026885822881013155	0.0	0.0	0.0	0.0	0.0	0.0	0.0
experience	0.0	0.0	0.0026885822881013155	0.0	0.0	0.0	0.0	0.0	0.0	0.0
end	0.0	0.0	0.0026885822881013155	0.0	0.0	0.0	0.0	0.0	0.0	0.0
electromyography	0.0	0.0	0.0026885822881013155	0.0	0.0	0.0	0.0	0.0	0.0	0.0
outstanding	0.0	0.0	0.0026885822881013155	0.0	0.0	0.0	0.0	0.0	0.0	0.0
management	0.0	0.0	0.0026885822881013155	0.0	0.003881024196743965	0.0	0.0	0.0	0.007746223360300064	0.0
practical	0.0	0.0	0.0026885822881013155	0.0	0.0	0.0	0.0	0.0	0.0	0.0
communities	0.0	0.0	0.0026885822881013155	0.0	0.0	0.0	0.0	0.0007137759239412844	0.0	0.0
motion	0.0	0.0	0.0026885822881013155	0.0	0.0	0.0	0.0	0.0	0.0	0.0
cancer	0.0	0.0	0.0	0.0007137760403566062	0.0	0.0	0.040018726140260696	0.0	0.0	0.0
study	0.0	0.0	0.0	0.0007137759239412844	0.0057292114943265915	0.0007137759239412844	0.00409157108515501	0.0	0.004057440906763077	0.010342974215745926
caregivers	0.0	0.0	0.0	0.0007137759239412844	0.0	0.0	0.017065273597836494	0.0	0.0	0.0
sound	0.0	0.0	0.0	0.0007137759239412844	0.0	0.0007137759239412844	0.0	0.0	0.0	0.014399094507098198
fighter	0.0	0.0	0.0	0.0007137759239412844	0.0	0.0	0.007085506804287434	0.0	0.0	0.0
family	0.0	0.0	0.0	0.0007137759239412844	0.0	0.0	0.018063250929117203	0.0	0.0	0.0
symptoms	0.0	0.0	0.0	0.0007137759239412844	0.0	0.0	0.011077413335442543	0.0	0.0	0.0
quality	0.0	0.0	0.0	0.0007137759239412844	0.0	0.0	0.006087528076022863	0.0	0.0	0.0
interventions	0.0	0.0	0.0	0.0007137759239412844	0.0	0.0	0.011077413335442543	0.0	0.0	0.0
lung	0.0	0.0	0.0	0.0007137759239412844	0.0	0.0	0.01307336799800396	0.0	0.0	0.0
positive	0.0	0.0	0.0	0.0007137759239412844	0.0	0.0	0.006087528076022863	0.0	0.0	0.0
psychosocial	0.0	0.0	0.0	0.0007137759239412844	0.0	0.0	0.01307336799800396	0.0	0.0	0.0
learning	0.0	0.0	0.0	0.0007137759239412844	0.0	0.0007137759239412844	0.0	0.0	0.0	0.012371036224067211
anxiety	0.0	0.0	0.0	0.0007137759239412844	0.0	0.0	0.007085506804287434	0.0	0.0	0.0
course	0.0	0.0	0.0	0.0007137759239412844	0.0	0.0	0.009081459604203701	0.0	0.0	0.0
children	0.0	0.0	0.0	0.0007137759239412844	0.0	0.0007137759239412844	0.0	0.0	0.0	0.012371036224067211
world	0.0	0.0	0.0	0.0	0.01127375103533268	0.0007137759239412844	0.0	0.0	0.0	0.0
sciences	0.0	0.0	0.0	0.0	0.0075773922726511955	0.0007137759239412844	0.0	0.0	0.0	0.0
collaboration	0.0	0.0	0.0	0.0	0.0075773922726511955	0.0	0.0	0.0	0.0	0.0
school	0.0	0.0	0.0	0.0	0.0057292114943265915	0.0	0.0	0.0	0.0	0.0
engineering	0.0	0.0	0.0	0.0	0.0057292114943265915	0.0	0.0	0.0	0.0	0.0
opportunities	0.0	0.0	0.0	0.0	0.0057292114943265915	0.0	0.0	0.0007137759239412844	0.0	0.0
high	0.0	0.0	0.0	0.0	0.0057292114943265915	0.0	0.0	0.0	0.0	0.0
international	0.0	0.0	0.0	0.0	0.0057292114943265915	0.0007137759239412844	0.0	0.0	0.0	0.0
today	0.0	0.0	0.0	0.0	0.0057292114943265915	0.0	0.0	0.0	0.0	0.0
top	0.0	0.0	0.0	0.0	0.0057292114943265915	0.0	0.0	0.0	0.0	0.0
able	0.0	0.0	0.0	0.0	0.0057292114943265915	0.0	0.0	0.0	0.0	0.0
academic	0.0	0.0	0.0	0.0	0.0057292114943265915	0.0	0.00409157108515501	0.0	0.0	0.0
leading	0.0	0.0	0.0	0.0	0.0057292114943265915	0.0	0.0	0.0	0.0	0.0
mongolian	0.0	0.0	0.0	0.0	0.0057292114943265915	0.0	0.0	0.0	0.0	0.0
rankings	0.0	0.0	0.0	0.0	0.0057292114943265915	0.0	0.0	0.0	0.0	0.0
such	0.0	0.0	0.0	0.0	0.0038810246624052525	0.0	0.00409157108515501	0.0	0.0	0.0
regional	0.0	0.0	0.0	0.0	0.003881024196743965	0.0	0.0	0.0	0.0	0.0
senior	0.0	0.0	0.0	0.0	0.003881024196743965	0.0	0.0	0.0	0.0	0.0
advancement	0.0	0.0	0.0	0.0	0.003881024196743965	0.0	0.0	0.0	0.0	0.0
increase	0.0	0.0	0.0	0.0	0.003881024196743965	0.0	0.0	0.0	0.0	0.0
advisor	0.0	0.0	0.0	0.0	0.003881024196743965	0.0	0.0	0.0	0.0	0.0
facilities	0.0	0.0	0.0	0.0	0.003881024196743965	0.0	0.0	0.0	0.0	0.0
year	0.0	0.0	0.0	0.0	0.003881024196743965	0.0	0.008083482272922993	0.0007137759239412844	0.004057440906763077	0.0
standards	0.0	0.0	0.0	0.0	0.003881024196743965	0.0	0.0	0.0	0.0	0.0
exchange	0.0	0.0	0.0	0.0	0.003881024196743965	0.0	0.0	0.0	0.0	0.0
progress	0.0	0.0	0.0	0.0	0.003881024196743965	0.0007137759239412844	0.0	0.0	0.0	0.0
talented	0.0	0.0	0.0	0.0	0.003881024196743965	0.0	0.0	0.0	0.0	0.0
according	0.0	0.0	0.0	0.0	0.003881024196743965	0.0	0.0	0.0	0.0	0.0
based	0.0	0.0	0.0	0.0	0.003881024196743965	0.0	0.0	0.0	0.0	0.0
competitive	0.0	0.0	0.0	0.0	0.003881024196743965	0.0	0.0	0.0	0.0	0.0
interests	0.0	0.0	0.0	0.0	0.003881024196743965	0.0	0.0	0.0	0.0	0.0
innovation	0.0	0.0	0.0	0.0	0.003881024196743965	0.0	0.0	0.0	0.0	0.0
encouraged	0.0	0.0	0.0	0.0	0.003881024196743965	0.0	0.0	0.0	0.0	0.0
leaders	0.0	0.0	0.0	0.0	0.003881024196743965	0.0	0.0	0.0	0.0	0.0
awareness	0.0	0.0	0.0	0.0	0.0	0.0007137759239412844	0.0	0.0	0.0	0.012371036224067211
language	0.0	0.0	0.0	0.0	0.0	0.0007137759239412844	0.0	0.0	0.0	0.01642715558409691
many	0.0	0.0	0.0	0.0	0.0	0.0007137759239412844	0.0	0.0	0.0	0.004258777480572462
programme	0.0	0.0	0.0	0.0	0.0	0.0007137759239412844	0.0	0.0	0.026189981028437614	0.0
types	0.0	0.0	0.0	0.0	0.0	0.0007137758657336235	0.0	0.0	0.0	0.0
degree	0.0	0.0	0.0	0.0	0.0	0.0	0.007085506804287434	0.0	0.004057440906763077	0.0
distress	0.0	0.0	0.0	0.0	0.0	0.0	0.006087528076022863	0.0	0.0	0.0
health	0.0	0.0	0.0	0.0	0.0	0.0	0.006087528076022863	0.0	0.0	0.0
effects	0.0	0.0	0.0	0.0	0.0	0.0	0.006087528076022863	0.0	0.0	0.0
life	0.0	0.0	0.0	0.0	0.0	0.0	0.006087528076022863	0.0	0.0	0.0
amp	0.0	0.0	0.0	0.0	0.0	0.0	0.005089550744742155	0.0	0.0	0.0
courses	0.0	0.0	0.0	0.0	0.0	0.0	0.005089550744742155	0.0	0.0	0.0
please	0.0	0.0	0.0	0.0	0.0	0.0	0.005089550279080868	0.0	0.0	0.0
coping	0.0	0.0	0.0	0.0	0.0	0.0	0.00409157108515501	0.0	0.0	0.0
associate	0.0	0.0	0.0	0.0	0.0	0.0	0.00409157108515501	0.0	0.0	0.0
class	0.0	0.0	0.0	0.0	0.0	0.0	0.00409157108515501	0.0	0.0	0.0
physical	0.0	0.0	0.0	0.0	0.0	0.0	0.00409157108515501	0.0	0.0	0.0
non-local	0.0	0.0	0.0	0.0	0.0	0.0	0.00409157108515501	0.0	0.0	0.0
studies	0.0	0.0	0.0	0.0	0.0	0.0	0.00409157108515501	0.0	0.0	0.0
sleep	0.0	0.0	0.0	0.0	0.0	0.0	0.00409157108515501	0.0	0.0	0.0
depressive	0.0	0.0	0.0	0.0	0.0	0.0	0.00409157108515501	0.0	0.0	0.0
communication	0.0	0.0	0.0	0.0	0.0	0.0	0.003093590261414647	0.0	0.0	0.0
care	0.0	0.0	0.0	0.0	0.0	0.0	0.00309358979575336	0.0	0.0	0.0
previous	0.0	0.0	0.0	0.0	0.0	0.0	0.00309358979575336	0.0	0.0	0.0
held	0.0	0.0	0.0	0.0	0.0	0.0	0.00309358979575336	0.0	0.0	0.0
special	0.0	0.0	0.0	0.0	0.0	0.0	0.0	0.0007137759239412844	0.0	0.0
field	0.0	0.0	0.0	0.0	0.0	0.0	0.0	0.0007137759239412844	0.004057440906763077	0.0
various	0.0	0.0	0.0	0.0	0.0	0.0	0.0	0.0007137759239412844	0.0	0.0
nurture	0.0	0.0	0.0	0.0	0.0	0.0	0.0	0.0007137759239412844	0.0	0.0
workplace	0.0	0.0	0.0	0.0	0.0	0.0	0.0	0.0007137759239412844	0.0	0.0
test	0.0	0.0	0.0	0.0	0.0	0.0	0.0	0.0007137759239412844	0.0	0.0
using	0.0	0.0	0.0	0.0	0.0	0.0	0.0	0.0007137758657336235	0.0	0.0
variety	0.0	0.0	0.0	0.0	0.0	0.0	0.0	0.0007137758657336235	0.0	0.0
vary	0.0	0.0	0.0	0.0	0.0	0.0	0.0	0.0007137758657336235	0.0	0.0
universal	0.0	0.0	0.0	0.0	0.0	0.0	0.0	0.0007137758657336235	0.0	0.004258777480572462
details	0.0	0.0	0.0	0.0	0.0	0.0	0.0	0.0	0.007746223360300064	0.0
applications	0.0	0.0	0.0	0.0	0.0	0.0	0.0	0.0	0.007746223360300064	0.0
application	0.0	0.0	0.0	0.0	0.0	0.0	0.0	0.0	0.007746223360300064	0.0
intelligence	0.0	0.0	0.0	0.0	0.0	0.0	0.0	0.0	0.007746223360300064	0.0
systems	0.0	0.0	0.0	0.0	0.0	0.0	0.0	0.0	0.007746223360300064	0.0
software	0.0	0.0	0.0	0.0	0.0	0.0	0.0	0.0	0.004057440906763077	0.0
targeting	0.0	0.0	0.0	0.0	0.0	0.0	0.0	0.0	0.004057440906763077	0.0
chain	0.0	0.0	0.0	0.0	0.0	0.0	0.0	0.0	0.004057440906763077	0.0
commence	0.0	0.0	0.0	0.0	0.0	0.0	0.0	0.0	0.004057440906763077	0.0
list	0.0	0.0	0.0	0.0	0.0	0.0	0.0	0.0	0.004057440906763077	0.0
aim	0.0	0.0	0.0	0.0	0.0	0.0	0.0	0.0	0.004057440906763077	0.0
customer	0.0	0.0	0.0	0.0	0.0	0.0	0.0	0.0	0.004057440906763077	0.0
credit	0.0	0.0	0.0	0.0	0.0	0.0	0.0	0.0	0.004057440906763077	0.0
classes	0.0	0.0	0.0	0.0	0.0	0.0	0.0	0.0	0.004057440906763077	0.0
technical	0.0	0.0	0.0	0.0	0.0	0.0	0.0	0.0	0.004057440906763077	0.0
invites	0.0	0.0	0.0	0.0	0.0	0.0	0.0	0.0	0.004057440906763077	0.0
leader	0.0	0.0	0.0	0.0	0.0	0.0	0.0	0.0	0.004057440906763077	0.0
applicants	0.0	0.0	0.0	0.0	0.0	0.0	0.0	0.0	0.004057440906763077	0.0
call	0.0	0.0	0.0	0.0	0.0	0.0	0.0	0.0	0.004057440906763077	0.0
arm	0.0	0.0	0.0	0.0	0.0	0.0	0.0	0.0	0.004057440906763077	0.0
lasts	0.0	0.0	0.0	0.0	0.0	0.0	0.0	0.0	0.004057440906763077	0.0
send	0.0	0.0	0.0	0.0	0.0	0.0	0.0	0.0	0.004057440906763077	0.0
semesters	0.0	0.0	0.0	0.0	0.0	0.0	0.0	0.0	0.004057440906763077	0.0
semester	0.0	0.0	0.0	0.0	0.0	0.0	0.0	0.0	0.004057440906763077	0.0
round	0.0	0.0	0.0	0.0	0.0	0.0	0.0	0.0	0.004057440906763077	0.0
room	0.0	0.0	0.0	0.0	0.0	0.0	0.0	0.0	0.004057440906763077	0.0
risk	0.0	0.0	0.0	0.0	0.0	0.0	0.0	0.0	0.004057440906763077	0.0
reservations	0.0	0.0	0.0	0.0	0.0	0.0	0.0	0.0	0.004057440906763077	0.0
managerial	0.0	0.0	0.0	0.0	0.0	0.0	0.0	0.0	0.004057440906763077	0.0
areas	0.0	0.0	0.0	0.0	0.0	0.0	0.0	0.0	0.004057440906763077	0.0
philosophies	0.0	0.0	0.0	0.0	0.0	0.0	0.0	0.0	0.004057440906763077	0.0
parties	0.0	0.0	0.0	0.0	0.0	0.0	0.0	0.0	0.004057440906763077	0.0
organizational	0.0	0.0	0.0	0.0	0.0	0.0	0.0	0.0	0.004057440906763077	0.0
mining	0.0	0.0	0.0	0.0	0.0	0.0	0.0	0.0	0.004057440906763077	0.0
master	0.0	0.0	0.0	0.0	0.0	0.0	0.0	0.0	0.004057440906763077	0.0
managers	0.0	0.0	0.0	0.0	0.0	0.0	0.0	0.0	0.004057440906763077	0.0
hkcyberu.com	0.0	0.0	0.0	0.0	0.0	0.0	0.0	0.0	0.004057440906763077	0.0
reimbursable	0.0	0.0	0.0	0.0	0.0	0.0	0.0	0.0	0.004057440906763077	0.0
focuses	0.0	0.0	0.0	0.0	0.0	0.0	0.0	0.0	0.004057440906763077	0.0
child	0.0	0.0	0.0	0.0	0.0	0.0	0.0	0.0	0.0	0.010342974215745926
characters	0.0	0.0	0.0	0.0	0.0	0.0	0.0	0.0	0.0	0.008314910344779491
drawing	0.0	0.0	0.0	0.0	0.0	0.0	0.0	0.0	0.0	0.008314910344779491
picture	0.0	0.0	0.0	0.0	0.0	0.0	0.0	0.0	0.0	0.008314910344779491
listening	0.0	0.0	0.0	0.0	0.0	0.0	0.0	0.0	0.0	0.0062868474051356316
behavioral	0.0	0.0	0.0	0.0	0.0	0.0	0.0	0.0	0.0	0.0062868474051356316
professor	0.0	0.0	0.0	0.0	0.0	0.0	0.0	0.0	0.0	0.0062868474051356316
ability	0.0	0.0	0.0	0.0	0.0	0.0	0.0	0.0	0.0	0.0062868474051356316
dyslexia	0.0	0.0	0.0	0.0	0.0	0.0	0.0	0.0	0.0	0.0062868474051356316
colleagues	0.0	0.0	0.0	0.0	0.0	0.0	0.0	0.0	0.0	0.0062868474051356316
task	0.0	0.0	0.0	0.0	0.0	0.0	0.0	0.0	0.0	0.004258777480572462
depends	0.0	0.0	0.0	0.0	0.0	0.0	0.0	0.0	0.0	0.004258777480572462
difficulties	0.0	0.0	0.0	0.0	0.0	0.0	0.0	0.0	0.0	0.004258777480572462
findings	0.0	0.0	0.0	0.0	0.0	0.0	0.0	0.0	0.0	0.004258777480572462
e-mail	0.0	0.0	0.0	0.0	0.0	0.0	0.0	0.0	0.0	0.004258777480572462
copying	0.0	0.0	0.0	0.0	0.0	0.0	0.0	0.0	0.0	0.004258777480572462
copy	0.0	0.0	0.0	0.0	0.0	0.0	0.0	0.0	0.0	0.004258777480572462
performance	0.0	0.0	0.0	0.0	0.0	0.0	0.0	0.0	0.0	0.004258777480572462
associated	0.0	0.0	0.0	0.0	0.0	0.0	0.0	0.0	0.0	0.004258777480572462
852-2549-6253	0.0	0.0	0.0	0.0	0.0	0.0	0.0	0.0	0.0	0.004258777480572462
developed	0.0	0.0	0.0	0.0	0.0	0.0	0.0	0.0	0.0	0.004258777480572462
learn	0.0	0.0	0.0	0.0	0.0	0.0	0.0	0.0	0.0	0.004258777480572462
acquisition	0.0	0.0	0.0	0.0	0.0	0.0	0.0	0.0	0.0	0.004258777480572462
linguistic	0.0	0.0	0.0	0.0	0.0	0.0	0.0	0.0	0.0	0.004258777480572462
hku.hk	0.0	0.0	0.0	0.0	0.0	0.0	0.0	0.0	0.0	0.004258777480572462
